filepath,filename,label,audio,sample_rate,duration
Audios/Luis/LuisG-03_02.m4a,LuisG-03_02.m4a,Luis,"[-0.00064087 -0.00036621 -0.00054932 ...  0.00082397  0.00085449
  0.00079346]",48000,2.2813333333333334
Audios/Luis/LuisG-03_03.m4a,LuisG-03_03.m4a,Luis,"[-1.6479492e-03 -1.6784668e-03 -1.8615723e-03 ... -2.4414062e-04
 -1.5258789e-04 -6.1035156e-05]",48000,2.644
Audios/Luis/LuisG-01_04.m4a,LuisG-01_04.m4a,Luis,[0.0005188  0.00045776 0.00033569 ... 0.003479   0.00366211 0.00378418],48000,4.073333333333333
Audios/Luis/LuisG-03_01.m4a,LuisG-03_01.m4a,Luis,"[-0.00033569 -0.00024414 -0.00042725 ...  0.00393677  0.00393677
  0.00418091]",48000,2.324
Audios/Luis/LuisG-01_05.m4a,LuisG-01_05.m4a,Luis,"[-3.0517578e-05 -6.4086914e-04 -6.7138672e-04 ... -2.8381348e-03
 -2.6245117e-03 -2.7160645e-03]",48000,3.156
Audios/Luis/LuisG-01_01.m4a,LuisG-01_01.m4a,Luis,"[-0.00299072 -0.00292969 -0.00289917 ...  0.00204468  0.00204468
  0.00228882]",48000,3.518666666666667
Audios/Luis/LuisG-03_04.m4a,LuisG-03_04.m4a,Luis,"[-0.00387573 -0.00366211 -0.00366211 ...  0.00506592  0.00524902
  0.00469971]",48000,3.2413333333333334
Audios/Luis/LuisG-03_05.m4a,LuisG-03_05.m4a,Luis,"[-0.01379395 -0.01376343 -0.01327515 ...  0.00109863  0.00167847
  0.00198364]",48000,2.58
Audios/Luis/LuisG-01_02.m4a,LuisG-01_02.m4a,Luis,"[-0.01531982 -0.01522827 -0.01553345 ...  0.00180054  0.00201416
  0.00219727]",48000,3.5613333333333332
Audios/Luis/LuisG-01_03.m4a,LuisG-01_03.m4a,Luis,"[ 0.0015564   0.00143433  0.00131226 ... -0.00619507 -0.00598145
 -0.00598145]",48000,3.070666666666667
Audios/Luis/Marlon-02_05.ogg,Marlon-02_05.ogg,Luis,"[ 0.0000000e+00  0.0000000e+00  0.0000000e+00 ... -6.1035156e-05
 -1.2207031e-04 -3.0517578e-05]",16000,2.9178125
Audios/Luis/Marlon-02_04.ogg,Marlon-02_04.ogg,Luis,[0.         0.         0.         ... 0.00024414 0.00024414 0.00021362],16000,3.1378125
Audios/Luis/Marlon-02_01.ogg,Marlon-02_01.ogg,Luis,"[ 0.          0.          0.         ... -0.00036621 -0.00039673
 -0.00045776]",16000,2.6978125
Audios/Luis/Marlon-02_03.ogg,Marlon-02_03.ogg,Luis,[0.         0.         0.         ... 0.00018311 0.00015259 0.00018311],16000,2.7378125
Audios/Luis/Marlon-02_02.ogg,Marlon-02_02.ogg,Luis,[0. 0. 0. ... 0. 0. 0.],16000,2.7578125
Audios/Luis/LuisG-02_01.m4a,LuisG-02_01.m4a,Luis,"[-0.00213623 -0.00231934 -0.00201416 ... -0.00396729 -0.00411987
 -0.00415039]",48000,3.3693333333333335
Audios/Luis/LuisG-02_03.m4a,LuisG-02_03.m4a,Luis,"[-2.7465820e-04 -1.2207031e-04 -6.1035156e-05 ...  2.5329590e-03
  2.7160645e-03  3.0212402e-03]",48000,3.348
Audios/Luis/LuisG-02_02.m4a,LuisG-02_02.m4a,Luis,"[-0.00732422 -0.00692749 -0.00689697 ... -0.00180054 -0.00238037
 -0.00238037]",48000,3.3906666666666667
Audios/Luis/LuisG-02_05.m4a,LuisG-02_05.m4a,Luis,"[ 0.00396729  0.0039978   0.00372314 ... -0.00231934 -0.0022583
 -0.00183105]",48000,3.8173333333333335
Audios/Luis/LuisG-02_04.m4a,LuisG-02_04.m4a,Luis,"[-3.0517578e-05 -9.1552734e-05 -1.2207031e-04 ... -6.1035156e-05
 -1.5258789e-04 -6.1035156e-05]",48000,3.518666666666667
Audios/Luis/Marlon-01_01.ogg,Marlon-01_01.ogg,Luis,[0.         0.         0.         ... 0.00033569 0.00039673 0.00030518],16000,2.9978125
Audios/Luis/Marlon-03_04.ogg,Marlon-03_04.ogg,Luis,"[ 0.          0.          0.         ... -0.00039673 -0.00039673
 -0.00045776]",16000,2.3178125
Audios/Luis/Marlon-03_05.ogg,Marlon-03_05.ogg,Luis,"[ 0.          0.          0.         ... -0.00054932 -0.00057983
 -0.00045776]",16000,2.1378125
Audios/Luis/Marlon-01_02.ogg,Marlon-01_02.ogg,Luis,"[ 0.0000000e+00  0.0000000e+00  0.0000000e+00 ...  3.0517578e-05
  0.0000000e+00 -6.1035156e-05]",16000,2.7978125
Audios/Luis/Marlon-01_03.ogg,Marlon-01_03.ogg,Luis,"[ 0.0000000e+00  0.0000000e+00  0.0000000e+00 ...  2.1362305e-04
  1.2207031e-04 -6.1035156e-05]",16000,2.9178125
Audios/Luis/Marlon-03_02.ogg,Marlon-03_02.ogg,Luis,"[0.0000000e+00 0.0000000e+00 0.0000000e+00 ... 6.1035156e-05 3.0517578e-05
 3.0517578e-05]",16000,1.8378125
Audios/Luis/Marlon-03_03.ogg,Marlon-03_03.ogg,Luis,"[ 0.          0.          0.         ... -0.00231934 -0.00015259
  0.00183105]",16000,2.4978125
Audios/Luis/Marlon-01_04.ogg,Marlon-01_04.ogg,Luis,"[ 0.0000000e+00  0.0000000e+00  0.0000000e+00 ... -3.0517578e-05
 -6.1035156e-05  3.0517578e-05]",16000,2.8378125
Audios/Luis/Marlon-03_01.ogg,Marlon-03_01.ogg,Luis,"[ 0.          0.          0.         ... -0.00039673 -0.00033569
 -0.00024414]",16000,2.1378125
Audios/Luis/Marlon-01_05.ogg,Marlon-01_05.ogg,Luis,"[ 0.0000000e+00  0.0000000e+00  0.0000000e+00 ... -3.0517578e-05
  3.0517578e-05  9.1552734e-05]",16000,2.5178125
Audios/Jorge/Eri-01_01.mp3,Eri-01_01.mp3,Jorge,"[1.3258944e-04 1.7791486e-04 1.8865039e-04 ... 6.7262452e-05 2.2719240e-04
 2.2435392e-04]",44100,2.8798866213151926
Audios/Jorge/Eri-03_04.mp3,Eri-03_04.mp3,Jorge,"[-4.0183029e-05 -2.2383636e-05  9.4648540e-06 ...  4.9000555e-06
  4.0928673e-05  7.7797784e-05]",44100,2.177482993197279
Audios/Jorge/Bruce-02_02.mp3,Bruce-02_02.mp3,Jorge,"[-0.02817669 -0.03786866 -0.03091172 ...  0.00800537  0.00892734
  0.00756073]",44100,2.221020408163265
Audios/Jorge/Bruce-02_03.mp3,Bruce-02_03.mp3,Jorge,"[-0.00067185 -0.00106089 -0.00101833 ... -0.00131101 -0.00164612
 -0.00146884]",44100,3.323968253968254
Audios/Jorge/Eri-03_05.mp3,Eri-03_05.mp3,Jorge,"[ 1.5507114e-05  1.8772314e-05  8.6569707e-06 ... -2.2116095e-05
 -7.5994467e-07  2.1025462e-06]",44100,2.104920634920635
Audios/Jorge/Eri-01_02.mp3,Eri-01_02.mp3,Jorge,"[ 9.6401716e-05  1.4406742e-04  1.2379509e-04 ... -6.4243336e-06
 -1.7575483e-05 -2.5782278e-05]",44100,3.0772562358276643
Audios/Jorge/Bruce-02_01.mp3,Bruce-02_01.mp3,Jorge,"[ 0.00138834  0.0019733   0.00187226 ... -0.00201292 -0.00222979
 -0.00230471]",44100,3.048231292517007
Audios/Jorge/Eri-01_03.mp3,Eri-01_03.mp3,Jorge,"[-0.00012069 -0.00014133 -0.00015814 ... -0.00025644 -0.0002928
 -0.00030396]",44100,2.801519274376417
Audios/Jorge/Eri-03_02.mp3,Eri-03_02.mp3,Jorge,"[-2.3982542e-05 -3.0949523e-05 -3.5332196e-05 ...  2.2991770e-04
  2.4407562e-04  1.7275562e-04]",44100,2.264557823129252
Audios/Jorge/Bruce-02_04.mp3,Bruce-02_04.mp3,Jorge,"[-0.00084217 -0.00131081 -0.00125925 ... -0.01708631 -0.01936436
 -0.01660483]",44100,2.4822448979591836
Audios/Jorge/Bruce-02_05.mp3,Bruce-02_05.mp3,Jorge,[0.00703953 0.01031544 0.00904408 ... 0.00430864 0.00476937 0.0039177 ],44100,5.06546485260771
Audios/Jorge/Eri-03_03.mp3,Eri-03_03.mp3,Jorge,"[-8.6289278e-05 -1.0074507e-04 -6.2680629e-05 ...  1.4171647e-04
  2.9331821e-04  2.9123409e-04]",44100,2.0758956916099773
Audios/Jorge/Eri-01_04.mp3,Eri-01_04.mp3,Jorge,"[-4.7954178e-05 -8.1734877e-05 -8.8501227e-05 ... -1.8877603e-04
 -1.8291204e-04 -1.6809432e-04]",44100,3.2804308390022676
Audios/Jorge/Eri-03_01.mp3,Eri-03_01.mp3,Jorge,"[ 5.6320796e-06 -1.8356335e-06 -1.9016130e-05 ... -3.8339681e-04
 -3.8163562e-04 -3.0099577e-04]",44100,2.1194331065759635
Audios/Jorge/Eri-01_05.mp3,Eri-01_05.mp3,Jorge,"[ 3.2814700e-05  2.8077366e-05  2.3095025e-05 ... -1.0633808e-04
 -1.2617465e-04 -1.2963079e-04]",44100,2.4677324263038547
Audios/Jorge/Fernando-03_03.m4a,Fernando-03_03.m4a,Jorge,[0. 0. 0. ... 0. 0. 0.],16000,2.62
Audios/Jorge/Jorge-03_03.m4a,Jorge-03_03.m4a,Jorge,"[ 0.0000000e+00  0.0000000e+00  0.0000000e+00 ... -6.1035156e-05
 -6.1035156e-05 -6.1035156e-05]",48000,1.748
Audios/Jorge/Jorge-03_02.m4a,Jorge-03_02.m4a,Jorge,[0. 0. 0. ... 0. 0. 0.],48000,1.7053333333333334
Audios/Jorge/Fernando-03_02.m4a,Fernando-03_02.m4a,Jorge,[0. 0. 0. ... 0. 0. 0.],16000,2.428
Audios/Jorge/Jorge-01_05.m4a,Jorge-01_05.m4a,Jorge,[0. 0. 0. ... 0. 0. 0.],48000,2.0893333333333333
Audios/Jorge/Fernando-01_05.m4a,Fernando-01_05.m4a,Jorge,[0. 0. 0. ... 0. 0. 0.],16000,3.388
Audios/Jorge/Jorge-03_01.m4a,Jorge-03_01.m4a,Jorge,[0. 0. 0. ... 0. 0. 0.],48000,1.7693333333333334
Audios/Jorge/Fernando-01_04.m4a,Fernando-01_04.m4a,Jorge,[0. 0. 0. ... 0. 0. 0.],16000,3.644
Audios/Jorge/Jorge-01_04.m4a,Jorge-01_04.m4a,Jorge,"[ 0.          0.          0.         ... -0.00012207 -0.00012207
 -0.00012207]",48000,3.22
Audios/Jorge/Fernando-03_01.m4a,Fernando-03_01.m4a,Jorge,[0. 0. 0. ... 0. 0. 0.],16000,2.492
Audios/Jorge/Fernando-03_05.m4a,Fernando-03_05.m4a,Jorge,[0. 0. 0. ... 0. 0. 0.],16000,2.492
Audios/Jorge/Jorge-03_05.m4a,Jorge-03_05.m4a,Jorge,"[0.0000000e+00 0.0000000e+00 0.0000000e+00 ... 3.0517578e-05 3.0517578e-05
 3.0517578e-05]",48000,2.068
Audios/Jorge/Jorge-03_04.m4a,Jorge-03_04.m4a,Jorge,"[0.0000000e+00 0.0000000e+00 0.0000000e+00 ... 3.0517578e-05 3.0517578e-05
 3.0517578e-05]",48000,2.7293333333333334
Audios/Jorge/Fernando-01_01.m4a,Fernando-01_01.m4a,Jorge,"[0.0000000e+00 0.0000000e+00 0.0000000e+00 ... 6.1035156e-05 6.1035156e-05
 6.1035156e-05]",16000,3.068
Audios/Jorge/Jorge-01_01.m4a,Jorge-01_01.m4a,Jorge,"[ 0.0000000e+00  0.0000000e+00  0.0000000e+00 ...  0.0000000e+00
 -3.0517578e-05 -3.0517578e-05]",48000,2.2386666666666666
Audios/Jorge/Fernando-03_04.m4a,Fernando-03_04.m4a,Jorge,[0. 0. 0. ... 0. 0. 0.],16000,2.62
Audios/Jorge/Jorge-01_03.m4a,Jorge-01_03.m4a,Jorge,[0. 0. 0. ... 0. 0. 0.],48000,2.8573333333333335
Audios/Jorge/Fernando-01_03.m4a,Fernando-01_03.m4a,Jorge,"[ 0.0000000e+00  0.0000000e+00  0.0000000e+00 ...  0.0000000e+00
  0.0000000e+00 -3.0517578e-05]",16000,3.26
Audios/Jorge/Fernando-01_02.m4a,Fernando-01_02.m4a,Jorge,"[0.0000000e+00 0.0000000e+00 0.0000000e+00 ... 3.0517578e-05 3.0517578e-05
 3.0517578e-05]",16000,3.004
Audios/Jorge/Jorge-01_02.m4a,Jorge-01_02.m4a,Jorge,[0. 0. 0. ... 0. 0. 0.],48000,3.006666666666667
Audios/Jorge/Bruce-01_05.mp3,Bruce-01_05.mp3,Jorge,"[-5.3368596e-05  1.0402917e-05  1.0362885e-04 ...  2.3778770e-03
  2.4507344e-03  1.9675563e-03]",44100,3.3675056689342404
Audios/Jorge/Bruce-01_04.mp3,Bruce-01_04.mp3,Jorge,"[-1.1365177e-05 -7.7269455e-05 -1.1279735e-05 ... -5.3399876e-03
 -6.2354347e-03 -5.2589858e-03]",44100,2.7144444444444447
Audios/Jorge/Bruce-03_01.mp3,Bruce-03_01.mp3,Jorge,"[-2.1086148e-06  8.2148297e-05  8.9636698e-05 ... -2.8827351e-03
 -3.2537542e-03 -2.7715699e-03]",44100,2.322607709750567
Audios/Jorge/Eri-02_05.mp3,Eri-02_05.mp3,Jorge,"[ 3.2738826e-05  3.3399407e-05  2.4304856e-05 ... -2.3427647e-06
 -4.3926657e-06  7.7116056e-06]",44100,3.266371882086168
Audios/Jorge/Bruce-03_03.mp3,Bruce-03_03.mp3,Jorge,"[-0.00031177 -0.00043918 -0.00037648 ...  0.00043856  0.00039546
  0.00028345]",44100,3.61421768707483
Audios/Jorge/Bruce-03_02.mp3,Bruce-03_02.mp3,Jorge,"[-5.2592752e-04 -6.6452503e-04 -5.8224774e-04 ...  1.6715796e-05
 -8.6001128e-06  4.4772260e-06]",44100,3.9334920634920634
Audios/Jorge/Eri-02_04.mp3,Eri-02_04.mp3,Jorge,"[5.2813259e-05 4.5926470e-05 3.3187429e-05 ... 4.6584022e-04 6.6322810e-04
 4.4009584e-04]",44100,2.801519274376417
Audios/Jorge/Bruce-01_03.mp3,Bruce-01_03.mp3,Jorge,"[ 0.00082647  0.00091312  0.00088731 ... -0.00162506 -0.00168766
 -0.0015192 ]",44100,3.1353061224489798
Audios/Jorge/Bruce-01_02.mp3,Bruce-01_02.mp3,Jorge,"[-0.00134223 -0.00177862 -0.001662   ...  0.00113097  0.00128472
  0.00117744]",44100,3.585192743764172
Audios/Jorge/Eri-02_01.mp3,Eri-02_01.mp3,Jorge,"[ 0.00011164  0.00014551  0.00014143 ... -0.00026378 -0.00027834
 -0.00027868]",44100,2.9466439909297053
Audios/Jorge/Eri-02_03.mp3,Eri-02_03.mp3,Jorge,"[-5.06231117e-06 -2.69833290e-05 -3.52117058e-05 ...  1.25218197e-04
  1.12858936e-04  7.84357471e-05]",44100,2.7724943310657597
Audios/Jorge/Bruce-03_05.mp3,Bruce-03_05.mp3,Jorge,"[ 0.00113875  0.00148819  0.00138765 ... -0.00047632 -0.00028662
 -0.00031668]",44100,4.252766439909297
Audios/Jorge/Bruce-01_01.mp3,Bruce-01_01.mp3,Jorge,"[3.60950435e-05 1.17399395e-04 2.73648329e-04 ... 1.13795395e-03
 1.37015828e-03 1.17673795e-03]",44100,3.323968253968254
Audios/Jorge/Bruce-03_04.mp3,Bruce-03_04.mp3,Jorge,[0.00039816 0.00040623 0.0004179  ... 0.00451369 0.00534802 0.00476393],44100,2.16297052154195
Audios/Jorge/Eri-02_02.mp3,Eri-02_02.mp3,Jorge,"[-2.0108837e-05 -4.2071260e-05 -7.0462891e-05 ... -3.3689433e-04
 -3.5842194e-04 -9.2105787e-05]",44100,2.598344671201814
Audios/Jorge/Jorge-02_01.m4a,Jorge-02_01.m4a,Jorge,[0. 0. 0. ... 0. 0. 0.],48000,2.4306666666666668
Audios/Jorge/Fernando-02_01.m4a,Fernando-02_01.m4a,Jorge,"[ 0.0000000e+00  0.0000000e+00  0.0000000e+00 ... -3.0517578e-05
 -3.0517578e-05 -3.0517578e-05]",16000,3.26
Audios/Jorge/Jorge-02_02.m4a,Jorge-02_02.m4a,Jorge,[0. 0. 0. ... 0. 0. 0.],48000,2.046666666666667
Audios/Jorge/Fernando-02_02.m4a,Fernando-02_02.m4a,Jorge,[0.         0.         0.         ... 0.00015259 0.00015259 0.00018311],16000,2.876
Audios/Jorge/Fernando-02_03.m4a,Fernando-02_03.m4a,Jorge,"[0.0000000e+00 0.0000000e+00 0.0000000e+00 ... 3.0517578e-05 3.0517578e-05
 3.0517578e-05]",16000,3.004
Audios/Jorge/Jorge-02_03.m4a,Jorge-02_03.m4a,Jorge,[0. 0. 0. ... 0. 0. 0.],48000,2.7293333333333334
Audios/Jorge/Jorge-02_04.m4a,Jorge-02_04.m4a,Jorge,[0. 0. 0. ... 0. 0. 0.],48000,2.196
Audios/Jorge/Fernando-02_04.m4a,Fernando-02_04.m4a,Jorge,"[ 0.0000000e+00  0.0000000e+00  0.0000000e+00 ... -3.0517578e-05
 -3.0517578e-05 -3.0517578e-05]",16000,3.388
Audios/Jorge/Fernando-02_05.m4a,Fernando-02_05.m4a,Jorge,"[0.0000000e+00 0.0000000e+00 0.0000000e+00 ... 3.0517578e-05 3.0517578e-05
 3.0517578e-05]",16000,2.876
Audios/Jorge/Jorge-02_05.m4a,Jorge-02_05.m4a,Jorge,[0. 0. 0. ... 0. 0. 0.],48000,2.537333333333333
Audios/Jesus/RamosBetancourt-02_03.ogg,RamosBetancourt-02_03.ogg,Jesus,"[ 2.0345869e-34  2.0345869e-34  2.0345869e-34 ... -3.3665388e-03
 -3.8393494e-03 -4.1653183e-03]",48000,3.0135
Audios/Jesus/ArathDaniela-02_03.wav,ArathDaniela-02_03.wav,Jesus,"[ 0.00210571  0.00253296  0.00265503 ... -0.00048828 -0.00015259
 -0.0005188 ]",48000,2.4934166666666666
Audios/Jesus/ArathDaniela-02_02.wav,ArathDaniela-02_02.wav,Jesus,[0.         0.         0.         ... 0.00106812 0.00128174 0.00161743],48000,2.5449166666666665
Audios/Jesus/RamosBetancourt-02_02.ogg,RamosBetancourt-02_02.ogg,Jesus,"[ 2.0345869e-34  2.0345869e-34  2.0345869e-34 ... -6.9816757e-05
  6.2199018e-04  2.3137135e-03]",48000,2.1535
Audios/Jesus/ArathDaniela-02_01.wav,ArathDaniela-02_01.wav,Jesus,"[-0.00921631 -0.00839233 -0.00732422 ...  0.00033569  0.00033569
  0.0005188 ]",48000,2.575854166666667
Audios/Jesus/RamosBetancourt-02_01.ogg,RamosBetancourt-02_01.ogg,Jesus,"[2.034587e-34 2.034587e-34 2.034587e-34 ... 4.180638e-03 5.063899e-03
 4.603372e-03]",48000,1.9335
Audios/Jesus/ArathDaniela-02_05.wav,ArathDaniela-02_05.wav,Jesus,"[-0.00692749 -0.00634766 -0.00582886 ... -0.01074219 -0.01025391
 -0.00979614]",48000,2.101875
Audios/Jesus/RamosBetancourt-02_05.ogg,RamosBetancourt-02_05.ogg,Jesus,"[ 2.0345869e-34  2.0345869e-34  2.0345869e-34 ... -2.4720985e-03
 -1.1073360e-03  3.7890754e-03]",48000,4.3335
Audios/Jesus/RamosBetancourt-02_04.ogg,RamosBetancourt-02_04.ogg,Jesus,"[ 2.0345869e-34  2.0345869e-34  2.0345869e-34 ... -7.1052895e-03
 -6.9464575e-03 -7.0627881e-03]",48000,1.4135
Audios/Jesus/ArathDaniela-02_04.wav,ArathDaniela-02_04.wav,Jesus,"[-0.00149536 -0.00259399 -0.00326538 ... -0.00732422 -0.00750732
 -0.00735474]",48000,2.101875
Audios/Jesus/ArathDaniela-03_01.wav,ArathDaniela-03_01.wav,Jesus,"[ 0.          0.          0.         ... -0.00018311 -0.00057983
 -0.00125122]",48000,1.7555833333333333
Audios/Jesus/RamosBetancourt-03_01.ogg,RamosBetancourt-03_01.ogg,Jesus,"[ 2.0345869e-34  2.0345869e-34  2.0345869e-34 ... -9.1652766e-02
 -1.0822381e-01 -1.3138753e-01]",48000,1.1935
Audios/Jesus/ArathDaniela-01_04.wav,ArathDaniela-01_04.wav,Jesus,[0.00128174 0.00146484 0.0015564  ... 0.06942749 0.06835938 0.06808472],48000,1.8645
Audios/Jesus/RamosBetancourt-01_04.ogg,RamosBetancourt-01_04.ogg,Jesus,"[2.0345869e-34 2.0345869e-34 2.0345869e-34 ... 2.5912510e-02 1.4146403e-02
 7.4469978e-03]",48000,1.3735
Audios/Jesus/RamosBetancourt-01_05.ogg,RamosBetancourt-01_05.ogg,Jesus,"[ 2.0345869e-34  2.0345869e-34  2.0345869e-34 ... -1.7662875e-03
 -1.7658041e-03 -1.7455965e-03]",48000,1.7535
Audios/Jesus/ArathDaniela-01_05.wav,ArathDaniela-01_05.wav,Jesus,[0.00689697 0.00662231 0.00643921 ... 0.00692749 0.00796509 0.00863647],48000,1.4690208333333334
Audios/Jesus/ArathDaniela-03_02.wav,ArathDaniela-03_02.wav,Jesus,"[ 0.00509644  0.00540161  0.00512695 ... -0.00134277 -0.00216675
 -0.00326538]",48000,1.6268333333333334
Audios/Jesus/RamosBetancourt-03_02.ogg,RamosBetancourt-03_02.ogg,Jesus,"[ 2.0345869e-34  2.0345869e-34  2.0345869e-34 ... -1.0294977e-03
 -9.8812301e-04 -9.8711241e-04]",48000,0.8935
Audios/Jesus/RamosBetancourt-03_03.ogg,RamosBetancourt-03_03.ogg,Jesus,"[ 2.0345869e-34  2.0345869e-34  2.0345869e-34 ... -1.0675346e-04
 -8.6995040e-04 -1.5837948e-03]",48000,1.0135
Audios/Jesus/ArathDaniela-03_03.wav,ArathDaniela-03_03.wav,Jesus,"[-0.01696777 -0.01428223 -0.01217651 ...  0.02832031  0.02700806
  0.02542114]",48000,2.059875
Audios/Jesus/RamosBetancourt-01_02.ogg,RamosBetancourt-01_02.ogg,Jesus,"[ 2.0345869e-34  2.0345869e-34  2.0345869e-34 ... -5.5103200e-03
 -1.0237474e-02 -1.5040289e-02]",48000,1.7735
Audios/Jesus/ArathDaniela-01_02.wav,ArathDaniela-01_02.wav,Jesus,"[ 0.          0.          0.         ... -0.00787354 -0.0072937
 -0.0067749 ]",48000,2.2035
Audios/Jesus/ArathDaniela-01_03.wav,ArathDaniela-01_03.wav,Jesus,"[-0.00683594 -0.00747681 -0.00820923 ...  0.00640869  0.00634766
  0.00628662]",48000,1.7111458333333334
Audios/Jesus/RamosBetancourt-01_03.ogg,RamosBetancourt-01_03.ogg,Jesus,"[ 2.0345869e-34  2.0345869e-34  2.0345869e-34 ... -6.6522256e-02
 -7.4573770e-02 -7.9998344e-02]",48000,2.0335
Audios/Jesus/RamosBetancourt-03_04.ogg,RamosBetancourt-03_04.ogg,Jesus,"[2.0345869e-34 2.0345869e-34 2.0345869e-34 ... 2.5136647e-04 2.8714302e-04
 1.5375217e-03]",48000,1.0135
Audios/Jesus/ArathDaniela-03_04.wav,ArathDaniela-03_04.wav,Jesus,"[-0.01251221 -0.01327515 -0.01431274 ...  0.00512695  0.00286865
  0.00094604]",48000,1.8492083333333333
Audios/Jesus/RamosBetancourt-01_01.ogg,RamosBetancourt-01_01.ogg,Jesus,"[ 2.0345869e-34  2.0345869e-34  2.0345869e-34 ... -1.5604012e-03
 -2.4704109e-03 -3.6575163e-03]",48000,1.9335
Audios/Jesus/ArathDaniela-01_01.wav,ArathDaniela-01_01.wav,Jesus,[0.0682373  0.06811523 0.06738281 ... 0.00802612 0.00762939 0.00723267],48000,1.9452083333333334
Audios/Jesus/ArathDaniela-03_05.wav,ArathDaniela-03_05.wav,Jesus,[0.00628662 0.00604248 0.00585938 ... 0.01361084 0.01461792 0.01556396],48000,1.3927916666666667
Audios/Jesus/RamosBetancourt-03_05.ogg,RamosBetancourt-03_05.ogg,Jesus,"[2.0345869e-34 2.0345869e-34 2.0345869e-34 ... 3.4839527e-03 3.5521763e-03
 3.2431227e-03]",48000,0.8135
Audios/Ignacio/Ignacio-01_04.mp3,Ignacio-01_04.mp3,Ignacio,"[ 0.0000000e+00 -1.6214894e-14  4.0685042e-14 ...  6.3061827e-07
  7.7404172e-07  1.2578103e-06]",44100,3.1608163265306124
Audios/Ignacio/DafneA-03_01.mp3,DafneA-03_01.mp3,Ignacio,"[ 0.0000000e+00  2.3202343e-12  3.9369523e-12 ... -5.1228147e-07
  5.8052194e-09  5.2301300e-07]",44100,1.123265306122449
Audios/Ignacio/Ignacio-03_01.mp3,Ignacio-03_01.mp3,Ignacio,"[ 0.0000000e+00 -1.3981419e-13 -1.6423722e-13 ...  1.5530881e-06
 -7.9644406e-07  9.4588972e-07]",44100,2.1942857142857144
Audios/Ignacio/DafneA-01_04.mp3,DafneA-01_04.mp3,Ignacio,"[ 0.0000000e+00  9.0563538e-13 -7.1250731e-13 ...  2.7554813e-06
 -1.2218158e-06  1.7621082e-06]",44100,2.1942857142857144
Audios/Ignacio/Ariana-02_05.mp3,Ariana-02_05.mp3,Ignacio,"[ 0.0000000e+00  3.3381585e-12  3.7198768e-12 ... -5.2796345e-06
 -1.9367208e-06 -1.7633230e-06]",44100,1.7240816326530612
Audios/Ignacio/Ariana-02_04.mp3,Ariana-02_04.mp3,Ignacio,"[ 0.0000000e+00 -7.7830971e-14  1.7123549e-12 ...  3.2176931e-06
  8.4785171e-07 -2.7570914e-06]",44100,2.4293877551020406
Audios/Ignacio/DafneA-01_05.mp3,DafneA-01_05.mp3,Ignacio,"[ 0.0000000e+00 -4.4245206e-12 -3.6816609e-12 ...  2.2224394e-05
  2.7704857e-05  3.0852585e-05]",44100,1.8285714285714285
Audios/Ignacio/Ignacio-01_05.mp3,Ignacio-01_05.mp3,Ignacio,"[ 0.0000000e+00 -1.5881428e-12 -2.1895832e-12 ...  1.2815344e-06
  1.9279400e-06  1.2604817e-06]",44100,2.56
Audios/Ignacio/DafneA-03_02.mp3,DafneA-03_02.mp3,Ignacio,"[ 0.0000000e+00 -1.3895107e-12 -6.2524031e-13 ... -4.4296105e-09
 -5.5454369e-10 -9.8321051e-10]",44100,1.7240816326530612
Audios/Ignacio/Ignacio-03_02.mp3,Ignacio-03_02.mp3,Ignacio,"[ 0.0000000e+00 -1.3004323e-13  4.6593968e-14 ... -3.3670250e-10
 -3.1925496e-10 -3.0244551e-10]",44100,1.9591836734693877
Audios/Ignacio/Ignacio-03_03.mp3,Ignacio-03_03.mp3,Ignacio,"[0.0000000e+00 2.2010909e-12 1.8710751e-12 ... 2.9172650e-05 2.9433873e-05
 3.2338612e-05]",44100,1.9591836734693877
Audios/Ignacio/DafneA-03_03.mp3,DafneA-03_03.mp3,Ignacio,"[ 0.0000000e+00 -3.0160202e-12 -1.8089042e-12 ... -1.1981459e-06
 -9.9061879e-07  4.6769662e-07]",44100,1.123265306122449
Audios/Ignacio/Ignacio-01_02.mp3,Ignacio-01_02.mp3,Ignacio,"[ 0.0000000e+00 -1.2811334e-13 -6.1299230e-13 ... -3.6724139e-06
 -3.6781964e-06 -1.3820438e-06]",44100,1.593469387755102
Audios/Ignacio/DafneA-01_02.mp3,DafneA-01_02.mp3,Ignacio,"[ 0.0000000e+00 -3.5279249e-12 -2.6168425e-12 ... -3.9415772e-06
 -4.1621024e-06  4.4196568e-06]",44100,1.593469387755102
Audios/Ignacio/Ariana-02_03.mp3,Ariana-02_03.mp3,Ignacio,"[ 0.0000000e+00 -1.1444994e-11 -1.2544153e-11 ... -4.9348330e-09
 -5.4430984e-09 -4.8144955e-09]",44100,2.1942857142857144
Audios/Ignacio/Ariana-02_02.mp3,Ariana-02_02.mp3,Ignacio,"[0.0000000e+00 4.3457993e-12 5.5689338e-12 ... 1.0389793e-05 1.0892676e-05
 7.8519752e-06]",44100,2.4293877551020406
Audios/Ignacio/DafneA-01_03.mp3,DafneA-01_03.mp3,Ignacio,"[ 0.0000000e+00  8.7013881e-13  1.1539529e-12 ... -9.1692323e-07
 -5.4478244e-07 -3.3127424e-07]",44100,1.593469387755102
Audios/Ignacio/Ignacio-01_03.mp3,Ignacio-01_03.mp3,Ignacio,"[ 0.0000000e+00 -2.8579005e-13 -5.4853084e-13 ... -8.3946327e-07
 -1.5889916e-06  1.9792373e-07]",44100,2.4293877551020406
Audios/Ignacio/DafneA-03_04.mp3,DafneA-03_04.mp3,Ignacio,"[0.0000000e+00 1.0573023e-11 7.7237852e-12 ... 8.2165207e-07 4.3675647e-07
 7.0942218e-07]",44100,1.7240816326530612
Audios/Ignacio/Ignacio-01_01.mp3,Ignacio-01_01.mp3,Ignacio,"[ 0.0000000e+00  3.0130499e-13  3.5118219e-13 ... -6.0073664e-05
 -6.4118576e-05 -6.4865475e-05]",44100,1.9591836734693877
Audios/Ignacio/DafneA-01_01.mp3,DafneA-01_01.mp3,Ignacio,"[ 0.0000000e+00 -1.9622661e-12 -1.6723435e-12 ...  2.1340998e-07
 -1.2608393e-07 -3.6446937e-07]",44100,1.9591836734693877
Audios/Ignacio/Ignacio-03_04.mp3,Ignacio-03_04.mp3,Ignacio,"[ 0.0000000e+00  1.5984772e-13  3.0935541e-14 ...  2.6040352e-06
 -2.6388541e-06 -6.2035574e-06]",44100,1.7240816326530612
Audios/Ignacio/Ariana-02_01.mp3,Ariana-02_01.mp3,Ignacio,"[ 0.0000000e+00  3.1810696e-11  1.7692330e-11 ... -7.1331840e-08
 -9.8050279e-08 -2.0726045e-08]",44100,2.3248979591836734
Audios/Ignacio/Ignacio-03_05.mp3,Ignacio-03_05.mp3,Ignacio,"[ 0.0000000e+00 -5.1132492e-13 -7.1793331e-13 ... -3.2707263e-07
 -2.5090813e-07 -7.5878518e-08]",44100,1.8285714285714285
Audios/Ignacio/DafneA-03_05.mp3,DafneA-03_05.mp3,Ignacio,"[ 0.0000000e+00 -8.1470664e-12 -4.1702787e-12 ... -8.6570207e-10
 -4.5500204e-10 -1.9656139e-10]",44100,1.7240816326530612
Audios/Ignacio/AndresCalzada-02_04.mp3,AndresCalzada-02_04.mp3,Ignacio,"[0.0000000e+00 4.7604099e-14 9.5344780e-14 ... 6.6394966e-07 6.0519170e-07
 1.8737734e-07]",44100,2.1942857142857144
Audios/Ignacio/AndresCalzada-02_05.mp3,AndresCalzada-02_05.mp3,Ignacio,"[ 0.0000000e+00  4.7604099e-14  9.5344780e-14 ... -1.0049095e-01
 -1.0172953e-01 -1.0483787e-01]",44100,1.9591836734693877
Audios/Ignacio/AndresCalzada-02_02.mp3,AndresCalzada-02_02.mp3,Ignacio,"[ 0.0000000e+00  4.7604099e-14  9.5344780e-14 ... -4.1042743e-08
 -9.4429218e-08 -2.2825998e-07]",44100,2.1942857142857144
Audios/Ignacio/AndresCalzada-02_03.mp3,AndresCalzada-02_03.mp3,Ignacio,"[ 0.0000000e+00  4.7604099e-14  9.5344780e-14 ...  3.5971991e-07
  5.4854624e-08 -4.4587580e-08]",44100,1.7240816326530612
Audios/Ignacio/AndresCalzada-02_01.mp3,AndresCalzada-02_01.mp3,Ignacio,"[ 0.0000000e+00  4.7604099e-14  9.5344780e-14 ... -5.4897663e-07
 -7.0180073e-07 -4.2293448e-07]",44100,2.1942857142857144
Audios/Ignacio/Ignacio-02_03.mp3,Ignacio-02_03.mp3,Ignacio,"[ 0.0000000e+00 -1.3394409e-12  5.0106197e-13 ...  9.2686037e-09
  2.0233961e-06  1.8532910e-06]",44100,3.3959183673469386
Audios/Ignacio/DafneA-02_03.mp3,DafneA-02_03.mp3,Ignacio,"[0.0000000e+00 4.0335894e-12 9.7351164e-13 ... 4.8336522e-05 4.6049721e-05
 4.3440734e-05]",44100,1.593469387755102
Audios/Ignacio/Ariana-01_02.mp3,Ariana-01_02.mp3,Ignacio,"[ 0.0000000e+00 -1.9164431e-12  3.2008857e-12 ... -2.3389293e-01
 -2.2355253e-01 -1.9511707e-01]",44100,1.3583673469387756
Audios/Ignacio/Ariana-01_03.mp3,Ariana-01_03.mp3,Ignacio,"[ 0.0000000e+00 -9.5721382e-12 -1.1518865e-11 ... -5.3746967e-09
 -7.9326572e-09  3.9929433e-09]",44100,2.3248979591836734
Audios/Ignacio/DafneA-02_02.mp3,DafneA-02_02.mp3,Ignacio,"[ 0.0000000e+00 -3.9667761e-12  3.9373713e-13 ... -5.2452638e-09
 -4.9183582e-09 -4.4303001e-09]",44100,1.3583673469387756
Audios/Ignacio/Ignacio-02_02.mp3,Ignacio-02_02.mp3,Ignacio,"[ 0.0000000e+00 -1.3292069e-13 -1.9905681e-13 ...  1.3913666e-06
  5.7886348e-07 -2.2102753e-07]",44100,2.56
Audios/Ignacio/Ariana-03_04.mp3,Ariana-03_04.mp3,Ignacio,"[ 0.0000000e+00 -3.8218782e-11 -3.2922665e-11 ...  7.6476326e-06
  5.6939671e-06  5.4289071e-06]",44100,2.1942857142857144
Audios/Ignacio/Ariana-01_01.mp3,Ariana-01_01.mp3,Ignacio,"[ 0.0000000e+00 -1.6005555e-11 -9.1968082e-12 ... -1.0866023e-04
 -6.7083864e-05 -4.8663822e-04]",44100,1.8285714285714285
Audios/Ignacio/DafneA-02_01.mp3,DafneA-02_01.mp3,Ignacio,"[ 0.0000000e+00  9.7548521e-13  1.7165731e-12 ... -2.8868089e-05
 -2.7327966e-05 -3.3420998e-05]",44100,1.593469387755102
Audios/Ignacio/Ariana-03_05.mp3,Ariana-03_05.mp3,Ignacio,"[ 0.0000000e+00 -6.5060830e-12  3.1515415e-13 ... -1.1805396e-06
 -2.4804085e-06 -3.2761741e-06]",44100,2.089795918367347
Audios/Ignacio/Ignacio-02_01.mp3,Ignacio-02_01.mp3,Ignacio,"[ 0.0000000e+00 -7.5356762e-13 -4.3070766e-13 ... -3.1176801e-06
  1.7642787e-07  2.1430367e-06]",44100,2.4293877551020406
Audios/Ignacio/Ignacio-02_05.mp3,Ignacio-02_05.mp3,Ignacio,"[ 0.0000000e+00 -4.7781652e-13 -3.3270066e-13 ...  8.2057380e-07
  6.8227780e-07  2.0622988e-07]",44100,2.56
Audios/Ignacio/Ariana-03_01.mp3,Ariana-03_01.mp3,Ignacio,"[ 0.0000000e+00 -2.7476840e-12 -3.5810387e-12 ... -8.8657208e-07
  4.3017269e-07  1.0407573e-06]",44100,2.4293877551020406
Audios/Ignacio/DafneA-02_05.mp3,DafneA-02_05.mp3,Ignacio,"[ 0.0000000e+00 -1.3436149e-11 -8.2416851e-12 ...  9.0596387e-07
  8.0736294e-07  6.8305263e-07]",44100,1.593469387755102
Audios/Ignacio/Ariana-01_04.mp3,Ariana-01_04.mp3,Ignacio,"[0.0000000e+00 2.1476886e-11 2.5486505e-11 ... 1.2590227e-06 1.1465963e-06
 1.4063253e-06]",44100,2.7951020408163267
Audios/Ignacio/Ariana-01_05.mp3,Ariana-01_05.mp3,Ignacio,"[ 0.0000000e+00 -2.4429063e-11 -2.0567407e-11 ... -1.3646502e-06
 -1.3258152e-06 -1.3282461e-06]",44100,1.593469387755102
Audios/Ignacio/DafneA-02_04.mp3,DafneA-02_04.mp3,Ignacio,"[ 0.0000000e+00 -4.8612698e-12 -4.3790726e-12 ...  3.5452797e-07
 -5.3128943e-08 -6.7997981e-09]",44100,1.7240816326530612
Audios/Ignacio/Ignacio-02_04.mp3,Ignacio-02_04.mp3,Ignacio,"[ 0.0000000e+00  5.5351221e-13  3.1646083e-13 ...  8.8822850e-07
  5.1572056e-07 -9.3005542e-07]",44100,2.56
Audios/Ignacio/Ariana-03_02.mp3,Ariana-03_02.mp3,Ignacio,"[ 0.0000000e+00 -4.9984045e-12 -8.7681780e-12 ...  6.5577897e-04
  7.2195451e-04  7.7463355e-04]",44100,1.9591836734693877
Audios/Ignacio/Ariana-03_03.mp3,Ariana-03_03.mp3,Ignacio,"[0.0000000e+00 4.3427189e-12 2.6502151e-12 ... 2.3962539e-06 1.1905898e-06
 3.9064810e-07]",44100,1.7240816326530612
Audios/Ignacio/AndresCalzada-01_03.mp3,AndresCalzada-01_03.mp3,Ignacio,"[ 0.0000000e+00  4.7604099e-14  9.5344780e-14 ... -3.0202413e-02
 -3.9339643e-02 -3.4301892e-02]",44100,1.4889795918367348
Audios/Ignacio/AndresCalzada-01_02.mp3,AndresCalzada-01_02.mp3,Ignacio,"[ 0.0000000e+00  4.7604099e-14  9.5344780e-14 ... -5.2870087e-07
  3.1193586e-06  6.5008671e-06]",44100,1.7240816326530612
Audios/Ignacio/AndresCalzada-03_05.mp3,AndresCalzada-03_05.mp3,Ignacio,"[ 0.00000000e+00  4.76040987e-14  9.53447797e-14 ...  3.55371776e-05
 -1.04270744e-04  4.13521557e-05]",44100,2.4293877551020406
Audios/Ignacio/AndresCalzada-03_04.mp3,AndresCalzada-03_04.mp3,Ignacio,"[0.0000000e+00 4.7604099e-14 9.5344780e-14 ... 1.2112876e-07 1.5639722e-07
 1.0139897e-07]",44100,2.3248979591836734
Audios/Ignacio/AndresCalzada-01_01.mp3,AndresCalzada-01_01.mp3,Ignacio,"[ 0.0000000e+00  4.7604099e-14  9.5344780e-14 ... -1.5496100e-09
 -1.7191328e-09 -1.6446309e-09]",44100,1.9591836734693877
Audios/Ignacio/AndresCalzada-01_05.mp3,AndresCalzada-01_05.mp3,Ignacio,"[ 0.0000000e+00  4.7604099e-14  9.5344780e-14 ...  2.9005952e-07
  4.1865877e-07 -1.5937432e-07]",44100,2.3248979591836734
Audios/Ignacio/AndresCalzada-03_01.mp3,AndresCalzada-03_01.mp3,Ignacio,"[ 0.0000000e+00  4.7604099e-14  9.5344780e-14 ... -6.8200716e-05
 -5.8435820e-05 -4.8350579e-05]",44100,2.4293877551020406
Audios/Ignacio/AndresCalzada-01_04.mp3,AndresCalzada-01_04.mp3,Ignacio,"[ 0.0000000e+00  4.7604099e-14  9.5344780e-14 ... -2.6515713e-03
 -1.7624628e-04  2.2746066e-03]",44100,1.3583673469387756
Audios/Ignacio/AndresCalzada-03_03.mp3,AndresCalzada-03_03.mp3,Ignacio,"[ 0.0000000e+00  4.7604099e-14  9.5344780e-14 ... -4.4216108e-08
 -2.8416737e-08  6.2879781e-09]",44100,2.3248979591836734
Audios/Ignacio/AndresCalzada-03_02.mp3,AndresCalzada-03_02.mp3,Ignacio,"[0.0000000e+00 4.7604099e-14 9.5344780e-14 ... 2.7531993e-07 2.0560088e-07
 1.8469507e-07]",44100,2.7951020408163267
Audios/David/Mariana-02_05.ogg,Mariana-02_05.ogg,David,[0.         0.         0.         ... 0.0012207  0.00131226 0.00137329],16000,1.8578125
Audios/David/Erik-02_05.ogg,Erik-02_05.ogg,David,[0.         0.         0.         ... 0.00054932 0.00039673 0.00021362],16000,2.2735
Audios/David/Irma-03_03.ogg,Irma-03_03.ogg,David,"[ 0.          0.          0.         ... -0.00482178 -0.00793457
 -0.00680542]",16000,2.1378125
Audios/David/Irma-03_02.ogg,Irma-03_02.ogg,David,[0.         0.         0.         ... 0.00094604 0.00167847 0.00234985],16000,1.2178125
Audios/David/Erik-02_04.ogg,Erik-02_04.ogg,David,"[ 0.          0.          0.         ... -0.00057983 -0.00161743
 -0.00158691]",16000,2.0735
Audios/David/Mariana-02_04.ogg,Mariana-02_04.ogg,David,"[ 0.0000000e+00  0.0000000e+00  0.0000000e+00 ...  1.2207031e-04
  1.2207031e-04 -6.1035156e-05]",16000,2.1978125
Audios/David/Irma-01_05.ogg,Irma-01_05.ogg,David,[0.         0.         0.         ... 0.01782227 0.01663208 0.01260376],16000,2.1778125
Audios/David/Irma-03_01.ogg,Irma-03_01.ogg,David,"[ 0.0000000e+00  0.0000000e+00  0.0000000e+00 ...  3.0517578e-05
 -3.7841797e-03 -7.3242188e-04]",16000,1.2178125
Audios/David/Irma-01_04.ogg,Irma-01_04.ogg,David,"[ 0.          0.          0.         ... -0.00436401 -0.00424194
 -0.00418091]",16000,2.3178125
Audios/David/Erik-02_03.ogg,Erik-02_03.ogg,David,[0.         0.         0.         ... 0.00949097 0.00643921 0.00500488],16000,2.1135
Audios/David/Mariana-02_03.ogg,Mariana-02_03.ogg,David,[0.         0.         0.         ... 0.00033569 0.00036621 0.00033569],16000,1.8578125
Audios/David/Irma-03_05.ogg,Irma-03_05.ogg,David,"[ 0.          0.          0.         ... -0.00427246 -0.00424194
 -0.0032959 ]",16000,1.7178125
Audios/David/Irma-03_04.ogg,Irma-03_04.ogg,David,[0.         0.         0.         ... 0.00219727 0.00015259 0.0017395 ],16000,1.5978125
Audios/David/Mariana-02_02.ogg,Mariana-02_02.ogg,David,"[ 0.          0.          0.         ...  0.00054932  0.
 -0.00076294]",16000,1.5178125
Audios/David/Erik-02_02.ogg,Erik-02_02.ogg,David,"[ 0.          0.          0.         ... -0.02813721 -0.03207397
 -0.0369873 ]",16000,2.2735
Audios/David/Irma-01_01.ogg,Irma-01_01.ogg,David,"[ 0.          0.          0.         ...  0.00064087  0.00036621
 -0.00045776]",16000,2.6178125
Audios/David/Irma-01_03.ogg,Irma-01_03.ogg,David,[0.         0.         0.         ... 0.00585938 0.00616455 0.00506592],16000,2.1378125
Audios/David/Mariana-02_01.ogg,Mariana-02_01.ogg,David,"[ 0.          0.          0.         ...  0.0017395  -0.00021362
 -0.00189209]",16000,1.6178125
Audios/David/Erik-02_01.ogg,Erik-02_01.ogg,David,[0.         0.         0.         ... 0.03637695 0.04077148 0.04077148],16000,2.0935
Audios/David/Irma-01_02.ogg,Irma-01_02.ogg,David,"[ 0.          0.          0.         ... -0.01809692  0.00018311
 -0.00219727]",16000,2.1178125
Audios/David/Daniel-02_02.ogg,Daniel-02_02.ogg,David,[0.         0.         0.         ... 0.00036621 0.00042725 0.00033569],16000,3.4335
Audios/David/Daniel-02_03.ogg,Daniel-02_03.ogg,David,"[ 0.          0.          0.         ... -0.00305176 -0.00256348
 -0.00250244]",16000,3.9335
Audios/David/Daniel-02_01.ogg,Daniel-02_01.ogg,David,"[0.0000000e+00 0.0000000e+00 0.0000000e+00 ... 1.2207031e-04 3.0517578e-05
 9.1552734e-05]",16000,3.3335
Audios/David/David-02_04.ogg,David-02_04.ogg,David,"[ 0.          0.          0.         ... -0.00027466 -0.00033569
 -0.00039673]",16000,2.2935
Audios/David/David-02_05.ogg,David-02_05.ogg,David,"[ 0.          0.          0.         ...  0.          0.
 -0.00012207]",16000,2.1135
Audios/David/Daniel-02_04.ogg,Daniel-02_04.ogg,David,"[ 0.          0.          0.         ... -0.00057983 -0.0007019
 -0.0005188 ]",16000,3.9135
Audios/David/David-02_01.ogg,David-02_01.ogg,David,"[ 0.          0.          0.         ... -0.00015259 -0.00015259
 -0.00024414]",16000,2.1935
Audios/David/Daniel-02_05.ogg,Daniel-02_05.ogg,David,[0.         0.         0.         ... 0.00415039 0.00424194 0.00488281],16000,3.4535
Audios/David/David-02_02.ogg,David-02_02.ogg,David,"[ 0.0000000e+00  0.0000000e+00  0.0000000e+00 ... -9.1552734e-05
 -1.2207031e-04 -1.2207031e-04]",16000,2.2135
Audios/David/David-02_03.ogg,David-02_03.ogg,David,[0.         0.         0.         ... 0.00024414 0.00027466 0.00033569],16000,2.1535
Audios/David/Irma-02_01.ogg,Irma-02_01.ogg,David,"[ 0.          0.          0.         ...  0.00442505  0.00189209
 -0.00027466]",16000,1.7978125
Audios/David/Erik-01_02.ogg,Erik-01_02.ogg,David,"[ 0.          0.          0.         ... -0.0140686  -0.01538086
 -0.01608276]",16000,1.8735
Audios/David/Mariana-01_02.ogg,Mariana-01_02.ogg,David,[0.         0.         0.         ... 0.00354004 0.00350952 0.00180054],16000,2.0978125
Audios/David/Mariana-01_03.ogg,Mariana-01_03.ogg,David,"[ 0.          0.          0.         ... -0.02172852 -0.02987671
 -0.00424194]",16000,3.0178125
Audios/David/Erik-01_03.ogg,Erik-01_03.ogg,David,"[ 0.          0.          0.         ... -0.0010376  -0.00219727
 -0.00296021]",16000,2.1935
Audios/David/Irma-02_02.ogg,Irma-02_02.ogg,David,"[ 0.          0.          0.         ... -0.03076172 -0.03482056
 -0.04290771]",16000,1.5978125
Audios/David/Erik-01_01.ogg,Erik-01_01.ogg,David,[0.         0.         0.         ... 0.00027466 0.00039673 0.00030518],16000,2.6535
Audios/David/Mariana-01_01.ogg,Mariana-01_01.ogg,David,"[ 0.          0.          0.         ... -0.00302124 -0.00448608
 -0.00012207]",16000,2.1378125
Audios/David/Erik-03_04.ogg,Erik-03_04.ogg,David,"[ 0.          0.          0.         ... -0.00323486 -0.00302124
 -0.0027771 ]",16000,1.4335
Audios/David/Mariana-03_04.ogg,Mariana-03_04.ogg,David,"[ 0.          0.          0.         ... -0.02160645  0.01809692
 -0.01348877]",16000,1.4178125
Audios/David/Mariana-03_05.ogg,Mariana-03_05.ogg,David,[0.         0.         0.         ... 0.00045776 0.00024414 0.00015259],16000,1.4778125
Audios/David/Erik-03_05.ogg,Erik-03_05.ogg,David,"[ 0.          0.          0.         ... -0.00030518 -0.00036621
 -0.00036621]",16000,1.6135
Audios/David/Irma-02_03.ogg,Irma-02_03.ogg,David,"[ 0.          0.          0.         ... -0.00097656 -0.0007019
 -0.00012207]",16000,1.7178125
Audios/David/Mariana-01_04.ogg,Mariana-01_04.ogg,David,"[ 0.          0.          0.         ... -0.00228882 -0.00228882
 -0.00228882]",16000,2.3978125
Audios/David/Erik-01_04.ogg,Erik-01_04.ogg,David,"[0.0000000e+00 0.0000000e+00 0.0000000e+00 ... 4.2724609e-04 3.3569336e-04
 6.1035156e-05]",16000,2.5535
Audios/David/Mariana-03_01.ogg,Mariana-03_01.ogg,David,[0.         0.         0.         ... 0.00027466 0.00030518 0.00024414],16000,2.8978125
Audios/David/Erik-03_01.ogg,Erik-03_01.ogg,David,"[ 0.          0.          0.         ... -0.00143433 -0.00216675
 -0.00259399]",16000,1.2735
Audios/David/Erik-01_05.ogg,Erik-01_05.ogg,David,"[0.0000000e+00 0.0000000e+00 0.0000000e+00 ... 6.1035156e-05 1.5258789e-04
 4.5776367e-04]",16000,1.9335
Audios/David/Mariana-01_05.ogg,Mariana-01_05.ogg,David,"[ 0.          0.          0.         ... -0.00195312  0.00057983
  0.00164795]",16000,1.6178125
Audios/David/Irma-02_04.ogg,Irma-02_04.ogg,David,"[ 0.          0.          0.         ... -0.00967407 -0.01013184
 -0.00860596]",16000,1.9578125
Audios/David/Mariana-03_02.ogg,Mariana-03_02.ogg,David,[0.         0.         0.         ... 0.00024414 0.00024414 0.00021362],16000,2.2378125
Audios/David/Erik-03_02.ogg,Erik-03_02.ogg,David,"[ 0.          0.          0.         ...  0.00030518  0.00021362
 -0.00024414]",16000,1.2935
Audios/David/Erik-03_03.ogg,Erik-03_03.ogg,David,"[ 0.0000000e+00  0.0000000e+00  0.0000000e+00 ... -9.1552734e-05
  1.2207031e-04  4.2724609e-04]",16000,1.1935
Audios/David/Mariana-03_03.ogg,Mariana-03_03.ogg,David,"[ 0.          0.          0.         ... -0.00024414  0.00024414
 -0.0005188 ]",16000,2.1978125
Audios/David/Irma-02_05.ogg,Irma-02_05.ogg,David,"[ 0.          0.          0.         ... -0.00561523 -0.00952148
 -0.0128479 ]",16000,1.4578125
Audios/David/David-03_05.ogg,David-03_05.ogg,David,"[ 0.          0.          0.         ... -0.00030518 -0.00030518
 -0.00024414]",16000,1.8135
Audios/David/Daniel-01_05.ogg,Daniel-01_05.ogg,David,"[ 0.          0.          0.         ... -0.00112915 -0.00167847
 -0.00186157]",16000,4.2535
Audios/David/David-01_01.ogg,David-01_01.ogg,David,"[ 0.          0.          0.         ... -0.0012207  -0.00082397
  0.00021362]",16000,2.0935
Audios/David/Daniel-01_04.ogg,Daniel-01_04.ogg,David,"[ 0.          0.          0.         ...  0.00015259 -0.00079346
 -0.00143433]",16000,4.4935
Audios/David/David-03_04.ogg,David-03_04.ogg,David,"[ 0.0000000e+00  0.0000000e+00  0.0000000e+00 ... -3.0517578e-05
 -1.5258789e-04 -1.8310547e-04]",16000,1.7535
Audios/David/Daniel-03_01.ogg,Daniel-03_01.ogg,David,[0.         0.         0.         ... 0.00021362 0.00030518 0.00024414],16000,3.1535
Audios/David/Daniel-03_03.ogg,Daniel-03_03.ogg,David,[0.         0.         0.         ... 0.00854492 0.01028442 0.01086426],16000,4.1735
Audios/David/David-01_03.ogg,David-01_03.ogg,David,[0.         0.         0.         ... 0.00042725 0.00030518 0.00021362],16000,1.9935
Audios/David/David-01_02.ogg,David-01_02.ogg,David,"[ 0.          0.          0.         ... -0.00201416 -0.00198364
 -0.00180054]",16000,2.1935
Audios/David/Daniel-03_02.ogg,Daniel-03_02.ogg,David,"[ 0.          0.          0.         ... -0.00137329 -0.0012207
 -0.00042725]",16000,6.6735
Audios/David/David-03_03.ogg,David-03_03.ogg,David,"[ 0.          0.          0.         ... -0.00033569 -0.00039673
 -0.00027466]",16000,2.0735
Audios/David/Daniel-01_03.ogg,Daniel-01_03.ogg,David,"[ 0.          0.          0.         ... -0.0005188  -0.0005188
 -0.00039673]",16000,4.0135
Audios/David/Daniel-01_02.ogg,Daniel-01_02.ogg,David,[0.         0.         0.         ... 0.00241089 0.00106812 0.00131226],16000,3.7935
Audios/David/David-03_02.ogg,David-03_02.ogg,David,"[ 0.0000000e+00  0.0000000e+00  0.0000000e+00 ... -9.1552734e-05
 -6.1035156e-05 -3.0517578e-05]",16000,1.9535
Audios/David/Daniel-03_05.ogg,Daniel-03_05.ogg,David,"[ 0.          0.          0.         ... -0.00137329 -0.00036621
  0.00088501]",16000,4.2135
Audios/David/David-01_05.ogg,David-01_05.ogg,David,"[ 0.0000000e+00  0.0000000e+00  0.0000000e+00 ... -1.2207031e-04
  9.1552734e-05  2.4414062e-04]",16000,2.0135
Audios/David/David-01_04.ogg,David-01_04.ogg,David,"[ 0.          0.          0.         ... -0.00048828 -0.0005188
 -0.00042725]",16000,2.4135
Audios/David/Daniel-01_01.ogg,Daniel-01_01.ogg,David,"[ 0.0000000e+00  0.0000000e+00  0.0000000e+00 ...  1.1291504e-03
 -6.1035156e-05 -7.6293945e-04]",16000,3.6535
Audios/David/David-03_01.ogg,David-03_01.ogg,David,[0.         0.         0.         ... 0.00042725 0.00039673 0.00039673],16000,1.7935
Audios/David/Daniel-03_04.ogg,Daniel-03_04.ogg,David,"[ 0.          0.          0.         ... -0.00476074 -0.00537109
 -0.00592041]",16000,3.2335
Audios/Audios_Null/null-01_02.wav,null-01_02.wav,Audios_Null,"[ 3.0517578e-05 -3.0517578e-05  3.0517578e-05 ... -2.1362305e-04
  0.0000000e+00  0.0000000e+00]",44100,4.0
Audios/Audios_Null/null-01_03.wav,null-01_03.wav,Audios_Null,"[ 1.5258789e-04  1.5258789e-04 -6.1035156e-05 ...  0.0000000e+00
  0.0000000e+00  0.0000000e+00]",44100,4.0
Audios/Audios_Null/null-03_04.wav,null-03_04.wav,Audios_Null,"[-9.1552734e-05  3.0517578e-05 -3.0517578e-05 ... -6.1035156e-05
  6.1035156e-05  2.1362305e-04]",44100,4.0
Audios/Audios_Null/null-01_01.wav,null-01_01.wav,Audios_Null,"[ 0.0000000e+00 -6.1035156e-05  3.0517578e-05 ...  9.1552734e-05
 -6.1035156e-05  0.0000000e+00]",44100,4.0
Audios/Audios_Null/null-03_05.wav,null-03_05.wav,Audios_Null,"[ 6.1035156e-05 -1.8310547e-04  6.1035156e-05 ...  2.4414062e-04
  0.0000000e+00  0.0000000e+00]",44100,4.0
Audios/Audios_Null/null-03_01.wav,null-03_01.wav,Audios_Null,"[-1.2207031e-04  1.8310547e-04  1.5258789e-04 ... -1.2207031e-04
  3.0517578e-05  2.4414062e-04]",44100,4.0
Audios/Audios_Null/null-01_04.wav,null-01_04.wav,Audios_Null,"[ 9.1552734e-05  1.2207031e-04  0.0000000e+00 ... -6.1035156e-05
 -1.5258789e-04  1.8310547e-04]",44100,4.0
Audios/Audios_Null/null-01_05.wav,null-01_05.wav,Audios_Null,"[-1.5258789e-04  1.5258789e-04 -3.0517578e-05 ...  1.5258789e-04
  3.9672852e-04  0.0000000e+00]",44100,4.0
Audios/Audios_Null/null-03_02.wav,null-03_02.wav,Audios_Null,"[ 6.1035156e-05  2.7465820e-04 -6.1035156e-05 ...  0.0000000e+00
  1.8310547e-04  3.0517578e-05]",44100,4.0
Audios/Audios_Null/null-03_03.wav,null-03_03.wav,Audios_Null,"[ 1.2207031e-04  1.2207031e-04 -3.0517578e-05 ...  6.1035156e-05
 -6.1035156e-05 -3.0517578e-05]",44100,4.0
Audios/Audios_Null/null-02_05.wav,null-02_05.wav,Audios_Null,"[ 0.0000000e+00  6.1035156e-05 -6.1035156e-05 ... -3.0517578e-05
  3.0517578e-05 -3.0517578e-05]",44100,4.0
Audios/Audios_Null/null-02_04.wav,null-02_04.wav,Audios_Null,"[-6.1035156e-05 -1.2207031e-04 -6.1035156e-05 ... -1.5258789e-04
 -3.0517578e-05  0.0000000e+00]",44100,4.0
Audios/Audios_Null/null-02_03.wav,null-02_03.wav,Audios_Null,"[-6.1035156e-05  6.1035156e-05  1.8310547e-04 ... -3.0517578e-05
  0.0000000e+00  2.4414062e-04]",44100,4.0
Audios/Audios_Null/null-02_02.wav,null-02_02.wav,Audios_Null,"[ 2.1362305e-04  0.0000000e+00  3.0517578e-05 ...  6.1035156e-05
  2.1362305e-04 -1.5258789e-04]",44100,4.0
Audios/Audios_Null/null-02_01.wav,null-02_01.wav,Audios_Null,"[-0.00021362  0.00027466 -0.00024414 ...  0.          0.
  0.00012207]",44100,4.0
Audios/Francisco/Daniel-02_01.m4a,Daniel-02_01.m4a,Francisco,[0. 0. 0. ... 0. 0. 0.],48000,2.772
Audios/Francisco/Daniel-02_02.m4a,Daniel-02_02.m4a,Francisco,[0. 0. 0. ... 0. 0. 0.],48000,2.644
Audios/Francisco/Daniel-02_03.m4a,Daniel-02_03.m4a,Francisco,"[0.0000000e+00 0.0000000e+00 0.0000000e+00 ... 9.1552734e-05 9.1552734e-05
 9.1552734e-05]",48000,2.3666666666666667
Audios/Francisco/Daniel-02_04.m4a,Daniel-02_04.m4a,Francisco,"[0.0000000e+00 0.0000000e+00 0.0000000e+00 ... 6.1035156e-05 6.1035156e-05
 6.1035156e-05]",48000,2.9
Audios/Francisco/Daniel-02_05.m4a,Daniel-02_05.m4a,Francisco,"[3.0517578e-05 3.0517578e-05 3.0517578e-05 ... 0.0000000e+00 0.0000000e+00
 0.0000000e+00]",48000,2.9
Audios/Francisco/Didier-03_04.m4a,Didier-03_04.m4a,Francisco,"[ 0.0000000e+00  0.0000000e+00  0.0000000e+00 ... -3.0517578e-05
  0.0000000e+00  0.0000000e+00]",48000,2.7506666666666666
Audios/Francisco/Didier-01_01.m4a,Didier-01_01.m4a,Francisco,"[-3.0517578e-05  0.0000000e+00  0.0000000e+00 ...  0.0000000e+00
  0.0000000e+00  0.0000000e+00]",48000,2.196
Audios/Francisco/Camila-02_01.m4a,Camila-02_01.m4a,Francisco,"[ 0.0000000e+00  0.0000000e+00 -3.0517578e-05 ...  0.0000000e+00
  0.0000000e+00  0.0000000e+00]",48000,3.1773333333333333
Audios/Francisco/Didier-03_05.m4a,Didier-03_05.m4a,Francisco,"[ 0.0000000e+00 -3.0517578e-05 -3.0517578e-05 ...  0.0000000e+00
  0.0000000e+00  0.0000000e+00]",48000,3.604
Audios/Francisco/Camila-02_03.m4a,Camila-02_03.m4a,Francisco,[0. 0. 0. ... 0. 0. 0.],48000,2.388
Audios/Francisco/Didier-01_02.m4a,Didier-01_02.m4a,Francisco,[0. 0. 0. ... 0. 0. 0.],48000,2.452
Audios/Francisco/Didier-01_03.m4a,Didier-01_03.m4a,Francisco,"[-6.1035156e-05 -3.0517578e-05 -3.0517578e-05 ...  0.0000000e+00
  0.0000000e+00  0.0000000e+00]",48000,2.196
Audios/Francisco/Camila-02_02.m4a,Camila-02_02.m4a,Francisco,"[ 0.0000000e+00  0.0000000e+00  0.0000000e+00 ... -6.1035156e-05
 -3.0517578e-05 -3.0517578e-05]",48000,2.9426666666666668
Audios/Francisco/Didier-03_02.m4a,Didier-03_02.m4a,Francisco,[0. 0. 0. ... 0. 0. 0.],48000,3.497333333333333
Audios/Francisco/Didier-03_03.m4a,Didier-03_03.m4a,Francisco,[0. 0. 0. ... 0. 0. 0.],48000,3.518666666666667
Audios/Francisco/Didier-03_01.m4a,Didier-03_01.m4a,Francisco,"[ 0.0000000e+00  0.0000000e+00  0.0000000e+00 ...  0.0000000e+00
  0.0000000e+00 -3.0517578e-05]",48000,2.921333333333333
Audios/Francisco/Camila-02_05.m4a,Camila-02_05.m4a,Francisco,[0. 0. 0. ... 0. 0. 0.],48000,3.070666666666667
Audios/Francisco/Didier-01_04.m4a,Didier-01_04.m4a,Francisco,[0. 0. 0. ... 0. 0. 0.],48000,2.708
Audios/Francisco/Didier-01_05.m4a,Didier-01_05.m4a,Francisco,"[0.0000000e+00 0.0000000e+00 0.0000000e+00 ... 0.0000000e+00 0.0000000e+00
 3.0517578e-05]",48000,2.6013333333333333
Audios/Francisco/Camila-02_04.m4a,Camila-02_04.m4a,Francisco,[0. 0. 0. ... 0. 0. 0.],48000,2.3026666666666666
Audios/Francisco/Daniel-03_03.m4a,Daniel-03_03.m4a,Francisco,[0. 0. 0. ... 0. 0. 0.],48000,2.708
Audios/Francisco/Daniel-03_02.m4a,Daniel-03_02.m4a,Francisco,[0. 0. 0. ... 0. 0. 0.],48000,2.1746666666666665
Audios/Francisco/Daniel-01_05.m4a,Daniel-01_05.m4a,Francisco,[0. 0. 0. ... 0. 0. 0.],48000,2.6653333333333333
Audios/Francisco/Daniel-01_04.m4a,Daniel-01_04.m4a,Francisco,[0. 0. 0. ... 0. 0. 0.],48000,3.006666666666667
Audios/Francisco/Daniel-03_01.m4a,Daniel-03_01.m4a,Francisco,"[0.0000000e+00 0.0000000e+00 0.0000000e+00 ... 3.0517578e-05 3.0517578e-05
 3.0517578e-05]",48000,2.3666666666666667
Audios/Francisco/Daniel-03_05.m4a,Daniel-03_05.m4a,Francisco,[0. 0. 0. ... 0. 0. 0.],48000,2.516
Audios/Francisco/Daniel-01_01.m4a,Daniel-01_01.m4a,Francisco,[0. 0. 0. ... 0. 0. 0.],48000,2.8146666666666667
Audios/Francisco/Daniel-03_04.m4a,Daniel-03_04.m4a,Francisco,[0. 0. 0. ... 0. 0. 0.],48000,2.6653333333333333
Audios/Francisco/Daniel-01_03.m4a,Daniel-01_03.m4a,Francisco,"[3.0517578e-05 3.0517578e-05 6.1035156e-05 ... 0.0000000e+00 0.0000000e+00
 0.0000000e+00]",48000,2.2173333333333334
Audios/Francisco/Daniel-01_02.m4a,Daniel-01_02.m4a,Francisco,"[0.0000000e+00 0.0000000e+00 0.0000000e+00 ... 3.0517578e-05 3.0517578e-05
 3.0517578e-05]",48000,2.921333333333333
Audios/Francisco/Camila-03_02.m4a,Camila-03_02.m4a,Francisco,"[0.0000000e+00 0.0000000e+00 0.0000000e+00 ... 9.1552734e-05 9.1552734e-05
 9.1552734e-05]",48000,2.3026666666666666
Audios/Francisco/Camila-03_03.m4a,Camila-03_03.m4a,Francisco,"[ 3.0517578e-05  0.0000000e+00  0.0000000e+00 ... -3.0517578e-05
 -3.0517578e-05 -3.0517578e-05]",48000,2.708
Audios/Francisco/Camila-01_04.m4a,Camila-01_04.m4a,Francisco,[0. 0. 0. ... 0. 0. 0.],48000,2.9426666666666668
Audios/Francisco/Didier-02_05.m4a,Didier-02_05.m4a,Francisco,"[0.0000000e+00 6.1035156e-05 3.0517578e-05 ... 0.0000000e+00 0.0000000e+00
 0.0000000e+00]",48000,2.0893333333333333
Audios/Francisco/Camila-03_01.m4a,Camila-03_01.m4a,Francisco,[0. 0. 0. ... 0. 0. 0.],48000,2.196
Audios/Francisco/Didier-02_04.m4a,Didier-02_04.m4a,Francisco,[0.         0.         0.         ... 0.00021362 0.00012207 0.00012207],48000,2.7506666666666666
Audios/Francisco/Camila-01_05.m4a,Camila-01_05.m4a,Francisco,[0. 0. 0. ... 0. 0. 0.],48000,3.0493333333333332
Audios/Francisco/Camila-01_01.m4a,Camila-01_01.m4a,Francisco,[0. 0. 0. ... 0. 0. 0.],48000,2.046666666666667
Audios/Francisco/Camila-03_04.m4a,Camila-03_04.m4a,Francisco,[0. 0. 0. ... 0. 0. 0.],48000,2.452
Audios/Francisco/Camila-03_05.m4a,Camila-03_05.m4a,Francisco,[0. 0. 0. ... 0. 0. 0.],48000,2.964
Audios/Francisco/Didier-02_01.m4a,Didier-02_01.m4a,Francisco,[0. 0. 0. ... 0. 0. 0.],48000,2.388
Audios/Francisco/Camila-01_02.m4a,Camila-01_02.m4a,Francisco,[0. 0. 0. ... 0. 0. 0.],48000,3.412
Audios/Francisco/Didier-02_03.m4a,Didier-02_03.m4a,Francisco,[0. 0. 0. ... 0. 0. 0.],48000,2.8146666666666667
Audios/Francisco/Didier-02_02.m4a,Didier-02_02.m4a,Francisco,[0. 0. 0. ... 0. 0. 0.],48000,2.2173333333333334
Audios/Francisco/Camila-01_03.m4a,Camila-01_03.m4a,Francisco,[0. 0. 0. ... 0. 0. 0.],48000,2.9426666666666668
Audios/Cielo/Cielo-01_03.m4a,Cielo-01_03.m4a,Cielo,"[-0.00167847 -0.0015564  -0.00167847 ...  0.00421143  0.00418091
  0.00390625]",44100,1.8561451247165532
Audios/Cielo/Maria-02_02.m4a,Maria-02_02.m4a,Cielo,"[ 0.00473022  0.00375366  0.00216675 ... -0.00158691 -0.00231934
 -0.00280762]",44100,1.9490249433106577
Audios/Cielo/Maria-02_03.m4a,Maria-02_03.m4a,Cielo,"[-0.00143433 -0.00152588 -0.00067139 ...  0.00375366  0.00372314
  0.003479  ]",44100,2.088344671201814
Audios/Cielo/Cielo-01_02.m4a,Cielo-01_02.m4a,Cielo,"[ 0.00576782  0.00549316  0.00567627 ... -0.00488281 -0.00491333
 -0.00494385]",44100,2.11156462585034
Audios/Cielo/Cielo-03_05.m4a,Cielo-03_05.m4a,Cielo,"[ 0.00027466 -0.00030518  0.00018311 ... -0.00082397 -0.00088501
 -0.00097656]",44100,1.8329251700680271
Audios/Cielo/Maria-02_01.m4a,Maria-02_01.m4a,Cielo,"[-0.00167847 -0.00134277 -0.00131226 ...  0.00891113  0.00878906
  0.00839233]",44100,2.2508843537414966
Audios/Cielo/Cielo-03_04.m4a,Cielo-03_04.m4a,Cielo,"[-0.01361084 -0.01617432 -0.01531982 ...  0.00073242  0.0007019
  0.0007019 ]",44100,2.134784580498866
Audios/Cielo/Cielo-01_01.m4a,Cielo-01_01.m4a,Cielo,"[ 4.8828125e-03  4.8217773e-03  4.6691895e-03 ...  3.0517578e-05
 -2.7465820e-04 -4.8828125e-04]",44100,2.366984126984127
Audios/Cielo/Cielo-01_05.m4a,Cielo-01_05.m4a,Cielo,"[-1.0681152e-03 -1.0986328e-03 -1.0070801e-03 ...  1.5258789e-04
  1.2207031e-04  9.1552734e-05]",44100,2.2508843537414966
Audios/Cielo/Maria-02_04.m4a,Maria-02_04.m4a,Cielo,[0.00515747 0.00460815 0.00448608 ... 0.00024414 0.00064087 0.0007019 ],44100,2.901043083900227
Audios/Cielo/Maria-02_05.m4a,Maria-02_05.m4a,Cielo,"[-0.00741577 -0.00723267 -0.00726318 ... -0.00680542 -0.00759888
 -0.00827026]",44100,2.8546031746031746
Audios/Cielo/Cielo-03_01.m4a,Cielo-03_01.m4a,Cielo,"[-0.00137329 -0.00119019 -0.00119019 ... -0.00054932 -0.00057983
 -0.00064087]",44100,2.2044444444444444
Audios/Cielo/Cielo-01_04.m4a,Cielo-01_04.m4a,Cielo,[0.00213623 0.0020752  0.00216675 ... 0.00622559 0.00613403 0.00640869],44100,2.297324263038549
Audios/Cielo/Cielo-03_03.m4a,Cielo-03_03.m4a,Cielo,[0.00064087 0.00057983 0.00057983 ... 0.0015564  0.00167847 0.0017395 ],44100,1.8561451247165532
Audios/Cielo/Cielo-03_02.m4a,Cielo-03_02.m4a,Cielo,"[-0.00100708 -0.00082397 -0.00106812 ...  0.00036621  0.00061035
  0.00036621]",44100,3.1796825396825397
Audios/Cielo/Sergio-01_03.m4a,Sergio-01_03.m4a,Cielo,"[-0.00714111 -0.00708008 -0.00698853 ...  0.00274658  0.00265503
  0.00250244]",44100,2.2508843537414966
Audios/Cielo/Sergio-01_02.m4a,Sergio-01_02.m4a,Cielo,"[-3.0212402e-03 -2.8991699e-03 -2.8381348e-03 ... -3.0517578e-05
 -3.0517578e-05 -1.8310547e-04]",44100,1.8329251700680271
Audios/Cielo/Sergio-03_05.m4a,Sergio-03_05.m4a,Cielo,"[ 1.8310547e-04  9.1552734e-05 -9.1552734e-05 ... -6.7749023e-03
 -6.8969727e-03 -6.8664551e-03]",44100,2.738503401360544
Audios/Cielo/Vanessa-02_05.m4a,Vanessa-02_05.m4a,Cielo,"[-0.00256348 -0.00262451 -0.0027771  ...  0.00527954  0.00515747
  0.00488281]",44100,2.5527437641723356
Audios/Cielo/Sergio-01_01.m4a,Sergio-01_01.m4a,Cielo,"[-0.00012207 -0.00042725 -0.00097656 ... -0.00476074 -0.00500488
 -0.00512695]",44100,3.9691609977324265
Audios/Cielo/Vanessa-02_04.m4a,Vanessa-02_04.m4a,Cielo,"[-0.00033569 -0.00018311 -0.00012207 ...  0.00112915  0.00115967
  0.00146484]",44100,2.134784580498866
Audios/Cielo/Sergio-03_04.m4a,Sergio-03_04.m4a,Cielo,"[-7.7819824e-03 -8.0871582e-03 -7.8125000e-03 ...  9.1552734e-05
 -6.1035156e-05  9.1552734e-05]",44100,2.599183673469388
Audios/Cielo/Sergio-01_05.m4a,Sergio-01_05.m4a,Cielo,[0.00228882 0.00250244 0.00222778 ... 0.00320435 0.00421143 0.00494385],44100,1.9490249433106577
Audios/Cielo/Sergio-01_04.m4a,Sergio-01_04.m4a,Cielo,"[-0.00378418 -0.00396729 -0.00421143 ...  0.00567627  0.00595093
  0.00588989]",44100,2.901043083900227
Audios/Cielo/Vanessa-02_01.m4a,Vanessa-02_01.m4a,Cielo,"[ 0.00094604  0.00079346  0.00057983 ... -0.00460815 -0.00476074
 -0.00482178]",44100,2.390204081632653
Audios/Cielo/Sergio-03_01.m4a,Sergio-03_01.m4a,Cielo,"[-0.00924683 -0.00942993 -0.00952148 ...  0.00616455  0.00637817
  0.00628662]",44100,3.574421768707483
Audios/Cielo/Sergio-03_03.m4a,Sergio-03_03.m4a,Cielo,[0.00085449 0.00140381 0.00177002 ... 0.00265503 0.00259399 0.00268555],44100,2.041904761904762
Audios/Cielo/Vanessa-02_03.m4a,Vanessa-02_03.m4a,Cielo,"[ 0.00067139  0.00073242  0.00079346 ... -0.00723267 -0.00695801
 -0.00653076]",44100,2.366984126984127
Audios/Cielo/Vanessa-02_02.m4a,Vanessa-02_02.m4a,Cielo,"[ 0.00045776  0.00222778  0.0039978  ... -0.02130127 -0.02026367
 -0.01895142]",44100,1.6936054421768707
Audios/Cielo/Sergio-03_02.m4a,Sergio-03_02.m4a,Cielo,"[-0.00366211 -0.00390625 -0.00421143 ...  0.00750732  0.00692749
  0.00753784]",44100,2.8313832199546485
Audios/Cielo/Cielo-02_04.m4a,Cielo-02_04.m4a,Cielo,"[ 0.00613403  0.00592041  0.00576782 ... -0.00265503 -0.00268555
 -0.00430298]",44100,1.2292063492063492
Audios/Cielo/Maria-01_05.m4a,Maria-01_05.m4a,Cielo,[0.01278687 0.01263428 0.01263428 ... 0.00195312 0.00198364 0.00164795],44100,2.413424036281179
Audios/Cielo/Maria-01_04.m4a,Maria-01_04.m4a,Cielo,"[-0.00842285 -0.00827026 -0.00830078 ...  0.0045166   0.00476074
  0.00424194]",44100,1.9954648526077097
Audios/Cielo/Maria-03_01.m4a,Maria-03_01.m4a,Cielo,"[-0.0005188  -0.00045776 -0.00048828 ... -0.00094604 -0.00073242
 -0.00082397]",44100,1.6007256235827665
Audios/Cielo/Cielo-02_05.m4a,Cielo-02_05.m4a,Cielo,[0.00021362 0.00027466 0.00024414 ... 0.00042725 0.00033569 0.00030518],44100,1.8329251700680271
Audios/Cielo/Maria-03_03.m4a,Maria-03_03.m4a,Cielo,"[1.2207031e-04 6.1035156e-05 1.2207031e-04 ... 3.1433105e-03 3.0822754e-03
 3.0212402e-03]",44100,1.8561451247165532
Audios/Cielo/Maria-03_02.m4a,Maria-03_02.m4a,Cielo,"[-0.00045776  0.00021362  0.00076294 ... -0.00085449 -0.00085449
 -0.00076294]",44100,1.809705215419501
Audios/Cielo/Cielo-02_02.m4a,Cielo-02_02.m4a,Cielo,"[-6.1035156e-05  3.0517578e-05 -9.1552734e-05 ...  1.3732910e-03
  1.3122559e-03  1.2512207e-03]",44100,1.763265306122449
Audios/Cielo/Maria-01_03.m4a,Maria-01_03.m4a,Cielo,"[ 0.00302124  0.00357056  0.00341797 ... -0.00085449 -0.00140381
 -0.00119019]",44100,1.6703854875283446
Audios/Cielo/Maria-01_02.m4a,Maria-01_02.m4a,Cielo,"[-0.00198364 -0.00338745 -0.00430298 ... -0.00244141 -0.00164795
 -0.00152588]",44100,1.809705215419501
Audios/Cielo/Cielo-02_03.m4a,Cielo-02_03.m4a,Cielo,"[-0.00085449 -0.00085449 -0.00088501 ...  0.0020752   0.00238037
  0.00228882]",44100,1.809705215419501
Audios/Cielo/Cielo-02_01.m4a,Cielo-02_01.m4a,Cielo,[0.00241089 0.00247192 0.00244141 ... 0.00653076 0.00653076 0.00656128],44100,2.2044444444444444
Audios/Cielo/Maria-03_05.m4a,Maria-03_05.m4a,Cielo,"[-0.02099609 -0.02108765 -0.02096558 ... -0.00326538 -0.00289917
 -0.00241089]",44100,1.2988662131519275
Audios/Cielo/Maria-01_01.m4a,Maria-01_01.m4a,Cielo,"[-0.0083313  -0.00869751 -0.00881958 ... -0.00946045 -0.00897217
 -0.00860596]",44100,2.343764172335601
Audios/Cielo/Maria-03_04.m4a,Maria-03_04.m4a,Cielo,"[ 0.00512695  0.00552368  0.00540161 ... -0.00357056 -0.00378418
 -0.00411987]",44100,2.459863945578231
Audios/Cielo/Vanessa-03_04.m4a,Vanessa-03_04.m4a,Cielo,[0.00186157 0.00195312 0.00195312 ... 0.00411987 0.0038147  0.00354004],44100,2.088344671201814
Audios/Cielo/Sergio-02_04.m4a,Sergio-02_04.m4a,Cielo,[0.00579834 0.0062561  0.00631714 ... 0.00692749 0.00634766 0.00598145],44100,3.4118820861678003
Audios/Cielo/Vanessa-01_01.m4a,Vanessa-01_01.m4a,Cielo,"[-0.00112915 -0.0012207  -0.0012207  ... -0.00326538 -0.00326538
 -0.00332642]",44100,2.11156462585034
Audios/Cielo/Sergio-02_05.m4a,Sergio-02_05.m4a,Cielo,"[ 0.00497437  0.00411987  0.00338745 ... -0.0085144  -0.00839233
 -0.00769043]",44100,3.0171428571428573
Audios/Cielo/Vanessa-03_05.m4a,Vanessa-03_05.m4a,Cielo,"[-0.00271606 -0.0027771  -0.00231934 ... -0.00137329 -0.0045166
 -0.00521851]",44100,2.158004535147392
Audios/Cielo/Vanessa-01_02.m4a,Vanessa-01_02.m4a,Cielo,[0.00247192 0.00231934 0.00213623 ... 0.00567627 0.00598145 0.00595093],44100,1.4149659863945578
Audios/Cielo/Vanessa-01_03.m4a,Vanessa-01_03.m4a,Cielo,[0.00039673 0.00039673 0.00030518 ... 0.00131226 0.0012207  0.00128174],44100,1.809705215419501
Audios/Cielo/Vanessa-03_02.m4a,Vanessa-03_02.m4a,Cielo,"[ 0.00262451  0.00167847  0.00091553 ... -0.00363159 -0.00335693
 -0.00299072]",44100,1.8561451247165532
Audios/Cielo/Sergio-02_02.m4a,Sergio-02_02.m4a,Cielo,"[-0.00094604 -0.00119019 -0.00048828 ... -0.01132202 -0.01141357
 -0.01147461]",44100,2.390204081632653
Audios/Cielo/Sergio-02_03.m4a,Sergio-02_03.m4a,Cielo,"[-0.00424194 -0.00360107 -0.0038147  ...  0.00061035 -0.00112915
 -0.00152588]",44100,3.1796825396825397
Audios/Cielo/Vanessa-03_03.m4a,Vanessa-03_03.m4a,Cielo,"[-0.00100708 -0.00088501 -0.00064087 ...  0.0007019   0.00079346
  0.00042725]",44100,2.390204081632653
Audios/Cielo/Vanessa-03_01.m4a,Vanessa-03_01.m4a,Cielo,[0.00567627 0.00582886 0.00500488 ... 0.00933838 0.00872803 0.00756836],44100,1.7168253968253968
Audios/Cielo/Sergio-02_01.m4a,Sergio-02_01.m4a,Cielo,"[ 0.01687622  0.01641846  0.01754761 ... -0.00686646 -0.00671387
 -0.00595093]",44100,2.6920634920634923
Audios/Cielo/Vanessa-01_04.m4a,Vanessa-01_04.m4a,Cielo,"[ 1.2207031e-04 -3.6621094e-04  6.1035156e-05 ...  4.5776367e-04
  6.1035156e-04  1.1596680e-03]",44100,2.1812244897959183
Audios/Cielo/Vanessa-01_05.m4a,Vanessa-01_05.m4a,Cielo,"[-0.00140381 -0.00128174 -0.00115967 ...  0.00033569  0.00033569
  0.00012207]",44100,2.436643990929705
Audios/Joan/Joan-01_02.m4a,Joan-01_02.m4a,Joan,[0. 0. 0. ... 0. 0. 0.],48000,2.088
Audios/Joan/Joan-01_03.m4a,Joan-01_03.m4a,Joan,[0. 0. 0. ... 0. 0. 0.],48000,3.624
Audios/Joan/Joan-03_04.m4a,Joan-03_04.m4a,Joan,[0. 0. 0. ... 0. 0. 0.],48000,2.941333333333333
Audios/Joan/Joan-01_01.m4a,Joan-01_01.m4a,Joan,[0. 0. 0. ... 0. 0. 0.],48000,2.6426666666666665
Audios/Joan/Joan-03_05.m4a,Joan-03_05.m4a,Joan,[0. 0. 0. ... 0. 0. 0.],48000,2.728
Audios/Joan/Joan-03_01.m4a,Joan-03_01.m4a,Joan,[0. 0. 0. ... 0. 0. 0.],48000,1.832
Audios/Joan/Joan-01_04.m4a,Joan-01_04.m4a,Joan,[0. 0. 0. ... 0. 0. 0.],48000,2.472
Audios/Joan/Joan-01_05.m4a,Joan-01_05.m4a,Joan,[0. 0. 0. ... 0. 0. 0.],48000,2.472
Audios/Joan/Joan-03_02.m4a,Joan-03_02.m4a,Joan,[0. 0. 0. ... 0. 0. 0.],48000,2.6426666666666665
Audios/Joan/Joan-03_03.m4a,Joan-03_03.m4a,Joan,[0. 0. 0. ... 0. 0. 0.],48000,2.1306666666666665
Audios/Joan/Joan-02_05.m4a,Joan-02_05.m4a,Joan,[0. 0. 0. ... 0. 0. 0.],48000,2.429333333333333
Audios/Joan/Joan-02_04.m4a,Joan-02_04.m4a,Joan,[0. 0. 0. ... 0. 0. 0.],48000,2.6853333333333333
Audios/Joan/Joan-02_03.m4a,Joan-02_03.m4a,Joan,[0. 0. 0. ... 0. 0. 0.],48000,2.1306666666666665
Audios/Joan/Joan-02_02.m4a,Joan-02_02.m4a,Joan,[0. 0. 0. ... 0. 0. 0.],48000,2.429333333333333
Audios/Joan/Joan-02_01.m4a,Joan-02_01.m4a,Joan,[0. 0. 0. ... 0. 0. 0.],48000,2.3013333333333335
Audios/Mario/Mario-01_2.mp3,Mario-01_2.mp3,Mario,"[-0.00011355 -0.00026671 -0.00040203 ...  0.00043227  0.00027665
  0.00012355]",48000,2.38
Audios/Mario/AleM-02_3.mp3,AleM-02_3.mp3,Mario,[0.         0.         0.         ... 0.0001807  0.00018406 0.00012772],16000,1.7978125
Audios/Mario/AleM-02_2.mp3,AleM-02_2.mp3,Mario,"[ 0.0000000e+00  0.0000000e+00  0.0000000e+00 ... -4.0697028e-05
 -2.4184941e-05 -8.8441830e-06]",16000,1.5378125
Audios/Mario/Mario-03_1.mp3,Mario-03_1.mp3,Mario,"[ 0.00544905  0.00751429  0.00599442 ... -0.00042925 -0.00031542
 -0.00019926]",48000,1.44
Audios/Mario/Mario-01_3.mp3,Mario-01_3.mp3,Mario,"[-7.5325472e-05 -1.9821768e-04 -2.5255873e-04 ... -6.5362408e-05
 -5.7748734e-05 -3.1325359e-05]",48000,2.46
Audios/Mario/BetoM-02_1.mp3,BetoM-02_1.mp3,Mario,"[ 0.000000e+00  0.000000e+00  0.000000e+00 ... -1.784672e-05 -2.846989e-05
 -3.746160e-05]",16000,1.7778125
Audios/Mario/BetoM-02_3.mp3,BetoM-02_3.mp3,Mario,"[ 0.          0.          0.         ... -0.00605136 -0.00646613
 -0.00572206]",16000,1.6378125
Audios/Mario/Mario-01_1.mp3,Mario-01_1.mp3,Mario,"[ 0.00049852  0.00064065  0.00072195 ... -0.00052122 -0.00031559
 -0.00017978]",48000,2.46
Audios/Mario/Mario-03_3.mp3,Mario-03_3.mp3,Mario,"[-1.1227367e-04 -6.8221823e-05 -2.2985914e-05 ... -3.4927207e-04
 -2.8203422e-04 -1.7847752e-04]",48000,1.96
Audios/Mario/Mario-03_2.mp3,Mario-03_2.mp3,Mario,"[-0.00099769 -0.00140859 -0.00137773 ...  0.00059247  0.00057129
  0.00045089]",48000,1.88
Audios/Mario/AleM-02_1.mp3,AleM-02_1.mp3,Mario,"[ 0.          0.          0.         ...  0.03256458 -0.00426787
 -0.02442112]",16000,1.4378125
Audios/Mario/BetoM-02_2.mp3,BetoM-02_2.mp3,Mario,[0.         0.         0.         ... 0.00171266 0.00192527 0.00160412],16000,1.6178125
Audios/Mario/Mario-01_4.mp3,Mario-01_4.mp3,Mario,"[ 0.00069371  0.00093871  0.00105753 ... -0.00261301 -0.00317398
 -0.00238088]",48000,1.88
Audios/Mario/AleM-02_5.mp3,AleM-02_5.mp3,Mario,"[ 0.0000000e+00  0.0000000e+00  0.0000000e+00 ...  1.7983657e-04
  8.1078288e-05 -1.5353526e-06]",16000,1.4378125
Audios/Mario/AleM-02_4.mp3,AleM-02_4.mp3,Mario,"[ 0.          0.          0.         ... -0.00028415 -0.00027132
 -0.0001649 ]",16000,1.4578125
Audios/Mario/Mario-01_5.mp3,Mario-01_5.mp3,Mario,"[4.3159573e-05 5.3455929e-05 3.4461409e-05 ... 3.2233389e-04 2.8071509e-04
 2.1380077e-04]",48000,2.3
Audios/Mario/BetoM-02_5.mp3,BetoM-02_5.mp3,Mario,[0.         0.         0.         ... 0.00084133 0.00100156 0.00081558],16000,1.8978125
Audios/Mario/Mario-03_5.mp3,Mario-03_5.mp3,Mario,"[ 0.00033589  0.00040184  0.00043468 ... -0.00029553 -0.0002309
 -0.00013517]",48000,2.3
Audios/Mario/Mario-03_4.mp3,Mario-03_4.mp3,Mario,"[-0.00241276 -0.00336796 -0.00296833 ...  0.00059666  0.00067671
  0.00057497]",48000,1.96
Audios/Mario/BetoM-02_4.mp3,BetoM-02_4.mp3,Mario,"[ 0.          0.          0.         ... -0.0016892  -0.0016768
 -0.00120907]",16000,1.7378125
Audios/Mario/Mario-02_3.mp3,Mario-02_3.mp3,Mario,[0.00021889 0.00025525 0.00029022 ... 0.00078503 0.00053077 0.00023626],48000,2.38
Audios/Mario/AleM-01_2.mp3,AleM-01_2.mp3,Mario,"[ 0.000000e+00  0.000000e+00  0.000000e+00 ... -7.046114e-05 -7.484514e-06
  1.943220e-05]",16000,1.7978125
Audios/Mario/BetoM-01_1.mp3,BetoM-01_1.mp3,Mario,"[ 0.          0.          0.         ... -0.00129343 -0.00139717
 -0.00096492]",16000,2.1778125
Audios/Mario/BetoM-03_3.mp3,BetoM-03_3.mp3,Mario,"[ 0.0000000e+00  0.0000000e+00  0.0000000e+00 ... -6.2061103e-05
 -1.3136488e-04 -1.3205232e-04]",16000,1.5778125
Audios/Mario/BetoM-03_2.mp3,BetoM-03_2.mp3,Mario,"[ 0.          0.          0.         ... -0.00095749 -0.00070145
 -0.00045484]",16000,1.6378125
Audios/Mario/AleM-01_3.mp3,AleM-01_3.mp3,Mario,"[0.0000000e+00 0.0000000e+00 0.0000000e+00 ... 1.9576735e-04 9.1481910e-05
 8.0837090e-05]",16000,1.6778125
Audios/Mario/AleM-03_1.mp3,AleM-03_1.mp3,Mario,"[ 0.          0.          0.         ...  0.00137886 -0.00120315
  0.00196963]",16000,1.8778125
Audios/Mario/Mario-02_2.mp3,Mario-02_2.mp3,Mario,"[-8.7464915e-04 -1.1193883e-03 -1.1204798e-03 ... -6.4068896e-05
 -4.0694704e-05 -2.0548294e-05]",48000,2.12
Audios/Mario/AleM-03_3.mp3,AleM-03_3.mp3,Mario,"[ 0.0000000e+00  0.0000000e+00  0.0000000e+00 ... -7.8475990e-05
 -5.8613201e-05 -4.6298912e-05]",16000,2.7778125
Audios/Mario/AleM-01_1.mp3,AleM-01_1.mp3,Mario,"[ 0.          0.          0.         ... -0.01283633 -0.01661707
 -0.017223  ]",16000,2.0378125
Audios/Mario/BetoM-01_2.mp3,BetoM-01_2.mp3,Mario,"[ 0.          0.          0.         ... -0.0005488  -0.00059387
 -0.00043024]",16000,2.2178125
Audios/Mario/BetoM-03_1.mp3,BetoM-03_1.mp3,Mario,"[ 0.          0.          0.         ... -0.00039231 -0.00056064
 -0.00044646]",16000,1.3178125
Audios/Mario/BetoM-01_3.mp3,BetoM-01_3.mp3,Mario,"[ 0.0000000e+00  0.0000000e+00  0.0000000e+00 ... -5.6448433e-05
 -2.4034633e-04 -2.8325408e-04]",16000,2.0178125
Audios/Mario/Mario-02_1.mp3,Mario-02_1.mp3,Mario,"[-7.4068572e-05 -2.3783399e-04 -4.4455909e-04 ...  8.0728927e-04
  7.3106936e-04  5.2613957e-04]",48000,1.96
Audios/Mario/AleM-03_2.mp3,AleM-03_2.mp3,Mario,"[ 0.          0.          0.         ... -0.00065455 -0.0005826
 -0.00028288]",16000,1.7978125
Audios/Mario/Mario-02_5.mp3,Mario-02_5.mp3,Mario,[0.00046471 0.00050565 0.00042009 ... 0.00085343 0.00072923 0.00050178],48000,1.88
Audios/Mario/AleM-01_4.mp3,AleM-01_4.mp3,Mario,"[ 0.          0.          0.         ... -0.00033508 -0.00024739
 -0.00018989]",16000,2.1578125
Audios/Mario/BetoM-03_5.mp3,BetoM-03_5.mp3,Mario,"[0.0000000e+00 0.0000000e+00 0.0000000e+00 ... 9.8778866e-05 9.0392314e-05
 5.6753277e-05]",16000,1.6178125
Audios/Mario/BetoM-03_4.mp3,BetoM-03_4.mp3,Mario,"[ 0.          0.          0.         ... -0.00053859 -0.00066511
 -0.00053428]",16000,1.0578125
Audios/Mario/AleM-01_5.mp3,AleM-01_5.mp3,Mario,"[0.0000000e+00 0.0000000e+00 0.0000000e+00 ... 1.3948194e-04 4.1077721e-05
 4.2279298e-06]",16000,2.0978125
Audios/Mario/Mario-02_4.mp3,Mario-02_4.mp3,Mario,"[-0.00134682 -0.00176065 -0.00147411 ... -0.00031831 -0.0002796
 -0.0001965 ]",48000,2.22
Audios/Mario/AleM-03_5.mp3,AleM-03_5.mp3,Mario,[0.         0.         0.         ... 0.00022444 0.0002607  0.00018484],16000,1.8578125
Audios/Mario/BetoM-01_4.mp3,BetoM-01_4.mp3,Mario,"[ 0.          0.          0.         ... -0.00040003 -0.00057796
 -0.00048966]",16000,2.2778125
Audios/Mario/BetoM-01_5.mp3,BetoM-01_5.mp3,Mario,"[ 0.          0.          0.         ... -0.00090005 -0.00079478
 -0.00049889]",16000,2.6978125
Audios/Mario/AleM-03_4.mp3,AleM-03_4.mp3,Mario,"[ 0.0000000e+00  0.0000000e+00  0.0000000e+00 ... -5.9486832e-05
 -8.6310945e-05 -8.4185907e-05]",16000,1.9378125
Audios/Mario/MauM-03_2.mp3,MauM-03_2.mp3,Mario,[0.         0.         0.         ... 0.00173859 0.0021649  0.00193928],16000,1.0778125
Audios/Mario/AdriaM-01_2.mp3,AdriaM-01_2.mp3,Mario,"[ 2.3879193e-07 -2.1061489e-08  3.0723668e-09 ... -6.3892949e-06
 -3.5330886e-06 -7.7857025e-05]",16000,2.1935
Audios/Mario/AdriaM-03_1.mp3,AdriaM-03_1.mp3,Mario,"[-1.4356448e-05 -7.1907079e-06 -2.2119664e-05 ... -1.2798290e-04
 -1.9675956e-04 -1.7959009e-04]",16000,1.4135
Audios/Mario/AdriaM-01_3.mp3,AdriaM-01_3.mp3,Mario,"[-5.9628934e-07 -3.8229646e-07 -2.0179623e-07 ... -1.3008927e-03
 -9.7898685e-04 -4.9884990e-04]",16000,2.1135
Audios/Mario/MauM-01_1.mp3,MauM-01_1.mp3,Mario,"[ 0.          0.          0.         ... -0.00013999 -0.00017258
 -0.00012247]",16000,1.8378125
Audios/Mario/MauM-03_3.mp3,MauM-03_3.mp3,Mario,"[ 0.          0.          0.         ... -0.00026191 -0.00031351
 -0.00023009]",16000,1.2578125
Audios/Mario/MauM-03_1.mp3,MauM-03_1.mp3,Mario,"[0.0000000e+00 0.0000000e+00 0.0000000e+00 ... 9.5366151e-05 2.5222162e-04
 1.5705872e-04]",16000,1.3578125
Audios/Mario/MauM-01_3.mp3,MauM-01_3.mp3,Mario,"[0.0000000e+00 0.0000000e+00 0.0000000e+00 ... 9.8368029e-05 1.2387396e-04
 6.8145033e-05]",16000,1.8578125
Audios/Mario/AdriaM-01_1.mp3,AdriaM-01_1.mp3,Mario,"[ 3.9645606e-08 -6.7481132e-08 -2.2100105e-08 ... -2.5968356e-03
 -2.9774501e-03 -2.8457199e-03]",16000,2.0535
Audios/Mario/AdriaM-03_3.mp3,AdriaM-03_3.mp3,Mario,"[-5.3040310e-08 -1.8336323e-07 -1.7944475e-07 ...  1.6147600e-04
  1.6180630e-04  1.2748453e-04]",16000,1.7135
Audios/Mario/AdriaM-03_2.mp3,AdriaM-03_2.mp3,Mario,"[-1.6443603e-07 -2.1302995e-07 -3.4138870e-07 ... -4.2692497e-03
 -6.0362034e-03 -6.0675233e-03]",16000,1.7935
Audios/Mario/MauM-01_2.mp3,MauM-01_2.mp3,Mario,[0.         0.         0.         ... 0.00032276 0.00034226 0.00026982],16000,1.8978125
Audios/Mario/MauM-03_4.mp3,MauM-03_4.mp3,Mario,[0.         0.         0.         ... 0.00012828 0.00016461 0.00012905],16000,1.5778125
Audios/Mario/AdriaM-01_4.mp3,AdriaM-01_4.mp3,Mario,"[-1.40242635e-08 -1.58720788e-08 -4.11201242e-08 ...  1.42229011e-03
  1.35780731e-03  1.00587192e-03]",16000,2.2735
Audios/Mario/AdriaM-01_5.mp3,AdriaM-01_5.mp3,Mario,"[ 2.9992594e-07  3.7360573e-07  5.2712767e-07 ... -1.8768486e-03
 -2.1461893e-03 -1.7547067e-03]",16000,2.2735
Audios/Mario/MauM-03_5.mp3,MauM-03_5.mp3,Mario,"[ 0.          0.          0.         ... -0.00017417 -0.00021024
 -0.00016615]",16000,2.1778125
Audios/Mario/MauM-01_5.mp3,MauM-01_5.mp3,Mario,[0.         0.         0.         ... 0.00022447 0.00014876 0.00012677],16000,2.2778125
Audios/Mario/AdriaM-03_5.mp3,AdriaM-03_5.mp3,Mario,"[8.30875351e-08 9.80412693e-08 1.06722794e-07 ... 5.34224324e-04
 6.98655902e-04 5.92649565e-04]",16000,1.5735
Audios/Mario/AdriaM-03_4.mp3,AdriaM-03_4.mp3,Mario,"[-2.5797493e-07 -2.1670026e-07 -1.4418042e-07 ... -2.8746168e-04
 -3.4705090e-04 -1.5439728e-04]",16000,1.7535
Audios/Mario/MauM-01_4.mp3,MauM-01_4.mp3,Mario,[0.         0.         0.         ... 0.00016604 0.00014471 0.00011199],16000,2.0178125
Audios/Mario/AdriaM-02_3.mp3,AdriaM-02_3.mp3,Mario,"[-1.9331492e-07 -2.8121940e-07 -3.8191169e-07 ... -1.7714870e-04
 -7.6861921e-05 -3.9320257e-05]",16000,2.2335
Audios/Mario/MauM-02_1.mp3,MauM-02_1.mp3,Mario,"[ 0.0000000e+00  0.0000000e+00  0.0000000e+00 ... -7.6601274e-05
 -1.8617191e-04 -2.1268819e-04]",16000,1.7378125
Audios/Mario/AdriaM-02_2.mp3,AdriaM-02_2.mp3,Mario,"[ 2.6800677e-07  1.9047745e-07  3.1380574e-07 ... -7.9607894e-04
 -1.0212940e-03 -7.5099355e-04]",16000,2.1735
Audios/Mario/MauM-02_2.mp3,MauM-02_2.mp3,Mario,"[0.0000000e+00 0.0000000e+00 0.0000000e+00 ... 3.8626386e-05 7.9564095e-05
 1.5176373e-04]",16000,1.9178125
Audios/Mario/MauM-02_3.mp3,MauM-02_3.mp3,Mario,"[ 0.00000000e+00  0.00000000e+00  0.00000000e+00 ... -8.27434560e-05
 -1.26580926e-04 -1.13434646e-04]",16000,2.2578125
Audios/Mario/AdriaM-02_1.mp3,AdriaM-02_1.mp3,Mario,"[-4.31785274e-10 -3.39247990e-08 -5.97665988e-08 ...  2.65518553e-04
  1.76721165e-04  1.15587405e-04]",16000,2.0935
Audios/Mario/AdriaM-02_5.mp3,AdriaM-02_5.mp3,Mario,"[-1.0658223e-07 -8.4504642e-08 -1.7004407e-07 ... -7.4455701e-04
 -4.6128847e-04 -2.1166394e-04]",16000,2.2135
Audios/Mario/AdriaM-02_4.mp3,AdriaM-02_4.mp3,Mario,"[2.8433627e-07 3.3550151e-07 1.9604478e-07 ... 6.8234582e-04 7.0965558e-04
 5.1057135e-04]",16000,2.0735
Audios/Mario/MauM-02_4.mp3,MauM-02_4.mp3,Mario,"[ 0.0000000e+00  0.0000000e+00  0.0000000e+00 ... -1.4864535e-04
 -1.0808917e-05  4.8613190e-05]",16000,2.0378125
Audios/Mario/MauM-02_5.mp3,MauM-02_5.mp3,Mario,[0.         0.         0.         ... 0.00766313 0.00694681 0.00544867],16000,1.7378125
